custateateomer,stateate,gender,education,custateateomer_lifetime_value,income,monthly_premium_auto,number_of_open_complaints,policy_type,vehicle_class,total_claim_amount,custateomer_lifetime_value
RB50392,Washington,F,Master,251459.20,0,1000,0,Personal Auto,Four-Door Car,2,251459.20
QZ44356,Arizona,F,Bachelor,697953.59,0,94,0,Personal Auto,Four-Door Car,1131,697953.59
AI49188,Nevada,F,Bachelor,1288743.17,48767,108,0,Personal Auto,Two-Door Car,566,1288743.17
WW63253,California,M,Bachelor,764586.18,0,106,0,Corporate Auto,SUV,529,764586.18
GA49547,Washington,M,High School or Below,536307.65,36357,68,0,Personal Auto,Four-Door Car,17,536307.65
OC83172,Oregon,F,Bachelor,825629.78,62902,69,0,Personal Auto,Two-Door Car,159,825629.78
XZ87318,Oregon,F,College,538089.86,55350,67,0,Corporate Auto,Four-Door Car,321,538089.86
CF85061,Arizona,M,Master,721610.03,0,101,0,Corporate Auto,Four-Door Car,363,721610.03
DY87989,Oregon,M,Bachelor,2412750.40,14072,71,0,Corporate Auto,Four-Door Car,511,2412750.40
BQ94931,Oregon,F,College,738817.81,28812,93,0,Special Auto,Four-Door Car,425,738817.81
SX51350,California,M,College,473899.20,0,67,0,Personal Auto,Four-Door Car,482,473899.20
VQ65197,California,F,College,819719.71,0,110,0,Personal Auto,SUV,528,819719.71
DP39365,California,F,Master,879879.70,77026,110,2,Corporate Auto,Four-Door Car,472,879879.70
SJ95423,Arizona,F,High School or Below,881901.89,99845,110,1,Corporate Auto,SUV,528,881901.89
IL66569,California,F,College,538443.17,83689,70,2,Corporate Auto,Four-Door Car,307,538443.17
BW63560,Oregon,F,Bachelor,746313.94,24599,64,1,Corporate Auto,Four-Door Car,42,746313.94
FV94802,Nevada,F,High School or Below,256686.78,25049,67,0,Personal Auto,Two-Door Car,454,256686.78
OE15005,California,F,College,394524.16,28855,101,0,Personal Auto,SUV,647,394524.16
WC83389,Oregon,F,College,571033.31,51148,72,0,Personal Auto,Four-Door Car,308,571033.31
FL50705,California,F,High School or Below,816261.71,66140,101,0,Corporate Auto,Four-Door Car,484,816261.71
ZK25313,Oregon,F,High School or Below,287205.13,57749,74,0,Personal Auto,Two-Door Car,355,287205.13
QK46697,Washington,M,Bachelor,617710.93,61040,79,1,Personal Auto,Two-Door Car,20,617710.93
YH23384,Arizona,F,Bachelor,2412750.40,14072,71,0,Personal Auto,Four-Door Car,511,2412750.40
TZ98966,Nevada,F,Bachelor,245019.10,0,73,3,Corporate Auto,Four-Door Car,554,245019.10
HM55802,California,F,Bachelor,239210.79,17870,61,0,Corporate Auto,Four-Door Car,439,239210.79
FS42516,Oregon,F,College,580206.60,97541,72,0,Personal Auto,Four-Door Car,389,580206.60
US89481,California,F,Bachelor,394637.21,0,111,0,Personal Auto,Four-Door Car,799,394637.21
HS14476,Washington,M,College,916206.32,29723,80,0,Personal Auto,Four-Door Car,20,916206.32
GE62437,Arizona,F,College,1290256.01,86584,111,2,Personal Auto,Four-Door Car,532,1290256.01
EJ77678,Oregon,F,Master,323536.05,75690,80,1,Personal Auto,Four-Door Car,384,323536.05
SV85652,Arizona,F,College,245458.35,23158,63,1,Personal Auto,Four-Door Car,322,245458.35
UL64533,Nevada,F,High School or Below,1897545.61,65999,237,0,Corporate Auto,Luxury,615,1897545.61
PF41800,California,F,Bachelor,471532.13,0,65,0,Personal Auto,Four-Door Car,308,471532.13
HD95276,Washington,F,College,473787.17,0,130,0,Personal Auto,SUV,23,473787.17
SK67821,Oregon,F,Bachelor,493291.63,37260,62,0,Corporate Auto,Four-Door Car,15,493291.63
YV55495,Arizona,F,High School or Below,574422.97,68987,71,0,Personal Auto,Four-Door Car,204,574422.97
KY38074,California,F,Bachelor,1389173.57,42305,117,0,Personal Auto,Four-Door Car,561,1389173.57
DM79012,Oregon,F,Master,738097.67,65706,91,0,Personal Auto,Four-Door Car,436,738097.67
CM61827,Oregon,F,Bachelor,309003.41,0,90,0,Personal Auto,Two-Door Car,648,309003.41
WC35801,Arizona,F,High School or Below,252163.31,53243,66,2,Personal Auto,Four-Door Car,157,252163.31
QG25316,Nevada,F,High School or Below,265206.18,0,70,1,Corporate Auto,Two-Door Car,484,265206.18
MB98372,Oregon,F,College,277104.50,50071,71,0,Corporate Auto,Two-Door Car,18,277104.50
IL19217,California,F,Bachelor,393900.64,60021,99,0,Personal Auto,Four-Door Car,882,393900.64
SR38658,Arizona,F,High School or Below,1223187.97,43244,103,0,Personal Auto,Luxury,494,1223187.97
YD87931,Washington,M,Doctor,495165.61,46896,35354,1,Personal Auto,Four-Door Car,31,495165.61
HG65722,Oregon,F,Doctor,1281910.29,10105,172,3,Personal Auto,SUV,0,1281910.29
BU27331,Arizona,F,Bachelor,446851.05,0,73,3,Personal Auto,Four-Door Car,579,446851.05
XM45289,Oregon,F,High School or Below,551434.40,23218,71,0,Personal Auto,Two-Door Car,447,551434.40
KP34198,California,F,Bachelor,334387.53,0,92,0,Corporate Auto,Four-Door Car,529,334387.53
SH90947,Arizona,F,High School or Below,229447.89,0,62,0,Personal Auto,Four-Door Car,313,229447.89
WE95729,Oregon,F,College,3670742.64,24804,104,0,Personal Auto,SUV,593,3670742.64
PY51963,California,F,Bachelor,3347334.95,33190,106,0,Corporate Auto,SUV,508,3347334.95
RB69909,Nevada,F,High School or Below,798343.17,36014,69,3,Special Auto,Four-Door Car,173,798343.17
NW21079,Washington,F,Master,487938.48,67163,61,2,Personal Auto,Two-Door Car,33,487938.48
FR46645,California,F,Bachelor,429399.73,16701,113,0,Personal Auto,Four-Door Car,831,429399.73
SY17488,Arizona,F,College,716439.55,46623,91,0,Corporate Auto,Four-Door Car,436,716439.55
AP67935,California,F,College,761951.58,64749,64,0,Special Auto,Four-Door Car,302,761951.58
FS37417,Arizona,F,High School or Below,395800.28,0,101,0,Personal Auto,SUV,484,395800.28
ML29312,Oregon,F,High School or Below,449949.33,16969,124,2,Personal Auto,SUV,704,449949.33
UB61619,Oregon,F,Master,405956.74,11621,108,0,Personal Auto,Four-Door Car,518,405956.74
CD86811,Arizona,F,Bachelor,445811.34,17622,65,1,Personal Auto,Four-Door Car,312,445811.34
RU83859,California,F,Bachelor,811033.31,11489,105,0,Personal Auto,Two-Door Car,504,811033.31
FG63582,Oregon,F,Bachelor,333976.49,0,94,0,Personal Auto,Two-Door Car,863,333976.49
NN71951,California,F,High School or Below,2426101.78,66525,100,0,Personal Auto,SUV,104,2426101.78
WB37082,Arizona,F,Bachelor,661397.37,0,63,0,Personal Auto,Four-Door Car,676,661397.37
SM52139,Washington,F,College,293069.35,33663,73,0,Personal Auto,Four-Door Car,350,293069.35
FL82372,Oregon,F,College,867219.43,22547,112,0,Corporate Auto,SUV,537,867219.43
DP45816,Arizona,F,High School or Below,1163866.93,61486,97,0,Personal Auto,Two-Door Car,465,1163866.93
GW33762,Oregon,F,Bachelor,684615.03,0,95,0,Personal Auto,Two-Door Car,456,684615.03
RZ33670,California,F,College,1172777.65,29879,102,0,Personal Auto,Four-Door Car,500,1172777.65
PY70169,Oregon,F,High School or Below,2264383.48,93011,113,0,Personal Auto,SUV,281,2264383.48
MO91628,Oregon,F,Master,261447.43,65186,65,0,Personal Auto,Two-Door Car,5,261447.43
HW87852,Oregon,F,Master,245175.27,26840,64,2,Personal Auto,Four-Door Car,307,245175.27
HB20453,Oregon,F,Bachelor,678127.02,0,104,1,Personal Auto,Luxury,982,678127.02
BN87372,Oregon,F,Bachelor,497480.15,75644,65,3,Personal Auto,Two-Door Car,467,497480.15
YX23800,Oregon,F,Bachelor,859160.49,38984,73,0,Personal Auto,Four-Door Car,350,859160.49
DZ87709,Oregon,F,High School or Below,559216.14,71811,71,0,Personal Auto,Four-Door Car,29,559216.14
XW13033,Nevada,F,College,800947.28,20961,67,0,Personal Auto,Four-Door Car,321,800947.28
SP81997,Washington,F,Master,251459.20,41275,96,0,Personal Auto,Four-Door Car,41,251459.20
OM82309,California,F,Bachelor,5816655.35,61321,186,1,Personal Auto,Luxury,427,5816655.35
ZU35962,California,F,College,802522.94,0,77,0,Personal Auto,Two-Door Car,25,802522.94
VH85817,California,F,High School or Below,578018.22,51066,74,0,Personal Auto,Four-Door Car,787,578018.22
DT85712,California,F,Doctor,411853.91,34378,102,0,Personal Auto,SUV,489,411853.91
YJ88573,Nevada,F,Master,252307.02,43072,63,0,Personal Auto,Four-Door Car,302,252307.02
SQ19467,Oregon,F,College,655421.64,25222,90,0,Personal Auto,Four-Door Car,475,655421.64
YB66933,Washington,F,Bachelor,538275.20,77552,68,1,Corporate Auto,Four-Door Car,45,538275.20
ET79815,California,F,College,592672.94,23091,96,5,Personal Auto,Four-Door Car,460,592672.94
QC35222,California,F,Bachelor,268347.07,48269,69,3,Corporate Auto,Four-Door Car,282,268347.07
CJ15590,Oregon,F,Bachelor,269518.24,32720,67,0,Personal Auto,Four-Door Car,321,269518.24
OI48267,California,F,College,604702.52,20396,76,1,Personal Auto,Four-Door Car,364,604702.52
JY67916,Oregon,F,College,1317101.28,21513,119,1,Personal Auto,Two-Door Car,679,1317101.28
OW15518,Washington,F,College,1595001.95,0,87,1,Personal Auto,Two-Door Car,46,1595001.95
CZ33664,Oregon,F,Bachelor,252765.38,80744,63,0,Corporate Auto,Four-Door Car,11,252765.38
WK30175,Oregon,F,Bachelor,267209.58,52822,67,0,Corporate Auto,Two-Door Car,350,267209.58
ON44465,California,F,High School or Below,531329.40,0,77,1,Personal Auto,Four-Door Car,863,531329.40
TV87155,Oregon,F,Bachelor,2094619.25,69738,74,1,Personal Auto,Four-Door Car,492,2094619.25
KH48895,Arizona,F,Master,837535.39,17780,109,0,Personal Auto,SUV,132,837535.39
NZ30757,California,F,Bachelor,480166.15,18107,62,0,Personal Auto,Four-Door Car,297,480166.15
RI22468,Arizona,F,Bachelor,574594.33,57740,74,3,Personal Auto,Four-Door Car,269,574594.33
FZ30935,Oregon,F,College,606611.60,32627,76,0,Personal Auto,Two-Door Car,380,606611.60
UG93476,California,F,College,800230.83,0,107,0,Personal Auto,SUV,513,800230.83
AB96670,California,F,College,239391.54,0,70,0,Personal Auto,Four-Door Car,425,239391.54
XK64261,Oregon,F,Bachelor,476281.79,65795,62,1,Corporate Auto,Two-Door Car,49,476281.79
EV68375,California,F,College,433038.60,60475,107,0,Personal Auto,Four-Door Car,513,433038.60
UN51653,California,F,High School or Below,940272.98,0,130,0,Personal Auto,SUV,936,940272.98
TO96662,Oregon,F,Bachelor,696669.45,41837,88,0,Personal Auto,Four-Door Car,142,696669.45
MR52087,California,F,Bachelor,769406.43,32303,65,0,Personal Auto,Four-Door Car,45,769406.43
DE75225,Oregon,F,High School or Below,871756.11,0,117,1,Personal Auto,SUV,561,871756.11
EP80820,California,F,Bachelor,592874.85,40531,74,0,Personal Auto,Two-Door Car,30,592874.85
GU99037,Oregon,F,College,245297.73,79898,62,1,Corporate Auto,Four-Door Car,271,245297.73
WI57118,California,F,College,670157.17,56398,85,0,Personal Auto,Four-Door Car,408,670157.17
GP39118,Washington,M,High School or Below,499655.27,71600,63,0,Personal Auto,Two-Door Car,46,499655.27
MQ14219,Arizona,F,College,849269.88,27804,109,0,Personal Auto,SUV,784,849269.88
KN20603,Oregon,F,Bachelor,771349.40,45506,66,2,Personal Auto,Four-Door Car,316,771349.40
SG20925,Washington,F,Master,518579.76,99428,6464,1,Personal Auto,Four-Door Car,48,518579.76
JI70886,California,F,High School or Below,729006.98,0,102,1,Corporate Auto,SUV,489,729006.98
VF72557,Oregon,F,High School or Below,477294.38,20993,133,0,Personal Auto,SUV,638,477294.38
OX28638,Arizona,F,High School or Below,680649.14,37839,86,0,Personal Auto,Two-Door Car,465,680649.14
SK55033,California,F,Bachelor,246978.13,92711,62,0,Personal Auto,Two-Door Car,368,246978.13
OO88645,California,F,College,310392.30,74665,78,2,Corporate Auto,Four-Door Car,236,310392.30
FM14335,Washington,F,College,1048491.54,61108,89,0,Personal Auto,Four-Door Car,49,1048491.54
CW82151,California,F,Bachelor,890273.76,46833,112,0,Personal Auto,Luxury,64,890273.76
DY22043,Oregon,F,High School or Below,549944.72,88768,68,0,Personal Auto,Two-Door Car,326,549944.72
SH36774,California,F,High School or Below,1502359.86,28262,192,0,Personal Auto,Luxury,921,1502359.86
EM43724,Nevada,F,Bachelor,250910.79,33555,63,0,Personal Auto,Four-Door Car,101,250910.79
FH85960,Oregon,F,College,3122174.81,42780,113,1,Personal Auto,Four-Door Car,542,3122174.81
XA55993,Oregon,F,Master,313350.34,58850,78,0,Personal Auto,Four-Door Car,143,313350.34
GO36627,Arizona,F,College,383745.19,21880,97,0,Special Auto,Four-Door Car,424,383745.19
QH48047,Oregon,F,College,1179049.62,25251,66,0,Personal Auto,Four-Door Car,316,1179049.62
HS28694,Washington,F,High School or Below,282986.39,25317,71,0,Personal Auto,Two-Door Car,50,282986.39
UH65059,Arizona,F,High School or Below,430580.83,24188,109,0,Personal Auto,Luxury,523,430580.83
FV21968,Nevada,F,Bachelor,597397.69,41611,74,0,Special Auto,Four-Door Car,113,597397.69
QA87025,Oregon,F,Bachelor,567044.24,28406,72,1,Personal Auto,Four-Door Car,192,567044.24
TQ13499,Arizona,F,College,473174.93,69833,118,0,Personal Auto,Four-Door Car,828,473174.93
BU44523,Arizona,F,High School or Below,802637.96,0,74,0,Corporate Auto,Four-Door Car,532,802637.96
MS41162,Arizona,F,High School or Below,402296.35,0,117,0,Personal Auto,SUV,975,402296.35
PU25891,Oregon,F,High School or Below,961831.09,80536,119,0,Special Auto,Luxury,53,961831.09
LH92841,Washington,F,Bachelor,725595.38,88891,89,0,Personal Auto,Four-Door Car,50,725595.38
SX26335,Oregon,F,College,955292.69,97732,79,0,Personal Auto,Four-Door Car,289,955292.69
AZ95587,Arizona,F,Bachelor,1038855.32,61222,89,0,Special Auto,Four-Door Car,392,1038855.32
DS81757,Oregon,M,College,247012.12,0,74,0,Personal Auto,Two-Door Car,721,247012.12
OJ94107,Arizona,M,Master,561906.85,50335,140,0,Personal Auto,SUV,456,561906.85
LP84436,California,F,High School or Below,904711.92,0,127,0,Personal Auto,Luxury,1087,904711.92
FF22360,Washington,F,Doctor,268731.41,82210,68,4,Personal Auto,Four-Door Car,51,268731.41
LM19287,Oregon,F,High School or Below,373150.46,0,96,0,Personal Auto,Four-Door Car,460,373150.46
ZU18643,Nevada,M,Bachelor,366077.03,64495,92,0,Corporate Auto,Four-Door Car,251,366077.03
AZ82578,California,F,College,792882.93,0,72,0,Corporate Auto,Four-Door Car,345,792882.93
XC67861,Arizona,F,Bachelor,501175.16,28859,67,3,Corporate Auto,Two-Door Car,321,501175.16
YC43143,Arizona,F,High School or Below,798825.83,77330,99,0,Personal Auto,Four-Door Car,99,798825.83
EK59571,Oregon,M,College,388545.64,0,105,0,Corporate Auto,Four-Door Car,504,388545.64
PA38372,Washington,F,High School or Below,935773.78,33060,117,0,Personal Auto,Four-Door Car,56,935773.78
RO18530,Washington,M,Master,254068.98,42557,65,0,Personal Auto,Four-Door Car,57,254068.98
PD27940,Arizona,M,High School or Below,488516.25,26372,126,0,Personal Auto,SUV,604,488516.25
BS77946,Arizona,F,Bachelor,975330.71,17514,127,0,Personal Auto,SUV,8,975330.71
YM50253,California,F,Bachelor,294615.37,89270,74,0,Personal Auto,Four-Door Car,316,294615.37
NR15332,California,M,High School or Below,258111.09,29757,65,0,Personal Auto,Four-Door Car,312,258111.09
RC62865,Oregon,M,College,351738.58,51814,92,0,Personal Auto,Four-Door Car,56,351738.58
CC15295,Oregon,F,Bachelor,974335.01,24028,82,0,Personal Auto,Four-Door Car,393,974335.01
KA61892,Arizona,M,College,387364.70,28142,105,0,Personal Auto,Luxury,701,387364.70
OS94884,Arizona,F,Bachelor,764928.20,52705,64,1,Personal Auto,Two-Door Car,128,764928.20
ND87334,California,M,High School or Below,228759.69,0,63,0,Corporate Auto,Two-Door Car,679,228759.69
OY51402,Washington,F,High School or Below,825576.39,54040,103,0,Personal Auto,SUV,59,825576.39
YL74911,California,F,College,871492.21,0,118,0,Personal Auto,SUV,566,871492.21
GK92563,Washington,F,Doctor,681923.12,22492,85,0,Personal Auto,Two-Door Car,61,681923.12
HL53154,California,M,Bachelor,741619.73,0,77,2,Personal Auto,Four-Door Car,554,741619.73
RI78966,Oregon,M,Master,777115.90,21876,68,0,Personal Auto,Four-Door Car,465,777115.90
IC13702,California,F,Bachelor,696834.19,0,69,1,Personal Auto,Four-Door Car,496,696834.19
BE10809,California,F,High School or Below,425028.26,0,61,1,Personal Auto,Four-Door Car,292,425028.26
HT87217,Oregon,F,High School or Below,1977656.65,70699,82,0,Personal Auto,Four-Door Car,256,1977656.65
TH95618,California,F,High School or Below,2134346.60,0,74,1,Personal Auto,Four-Door Car,355,2134346.60
TS19868,California,M,College,241313.97,27501,63,0,Personal Auto,Four-Door Car,542,241313.97
LP45550,Oregon,F,Doctor,1536384.72,15897,101,0,Personal Auto,Four-Door Car,303,1536384.72
QR87004,Nevada,F,College,845696.19,25141,73,1,Personal Auto,Four-Door Car,25,845696.19
OE75747,Nevada,F,College,218964.25,0,61,3,Personal Auto,Four-Door Car,292,218964.25
DX91392,California,M,High School or Below,578018.22,51066,74,0,Personal Auto,Four-Door Car,787,578018.22
AB72731,California,F,Bachelor,463998.16,28358,117,0,Personal Auto,Luxury,84,463998.16
GX84338,Washington,F,Doctor,382443.13,62530,95,0,Personal Auto,Four-Door Car,61,382443.13
IS12901,Arizona,F,Bachelor,596811.89,90972,74,0,Personal Auto,Two-Door Car,232,596811.89
BN90616,Washington,F,Bachelor,859033.50,63110,72,0,Personal Auto,Four-Door Car,68,859033.50
HH90090,California,F,Bachelor,407663.47,29549,104,0,Personal Auto,Luxury,710,407663.47
IU25463,California,F,Bachelor,1225260.18,0,115,1,Personal Auto,Four-Door Car,552,1225260.18
KC11055,Nevada,F,Bachelor,1693627.15,39411,217,2,Personal Auto,Luxury,1122,1693627.15
PD33979,Oregon,M,High School or Below,489243.55,21709,62,0,Personal Auto,Four-Door Car,408,489243.55
NK71023,Nevada,M,Bachelor,994230.48,67890,85,0,Personal Auto,Four-Door Car,408,994230.48
AB13432,California,M,Bachelor,373583.81,0,110,0,Personal Auto,SUV,792,373583.81
OZ97704,California,F,High School or Below,1311752.22,84311,111,4,Personal Auto,SUV,532,1311752.22
UF46533,California,F,College,457452.41,99316,114,0,Corporate Auto,SUV,754,457452.41
XP47431,Arizona,F,Bachelor,547006.06,54507,138,0,Personal Auto,SUV,702,547006.06
GK73582,California,F,Bachelor,297884.60,64586,76,0,Personal Auto,Four-Door Car,206,297884.60
RV98763,Oregon,M,College,641096.75,61709,82,2,Personal Auto,Four-Door Car,275,641096.75
II62831,California,M,Master,447902.31,94656,111,1,Special Auto,SUV,459,447902.31
XK33449,California,F,High School or Below,238373.19,0,69,0,Special Auto,Two-Door Car,496,238373.19
TR85083,California,M,Bachelor,276449.37,61085,70,1,Personal Auto,Two-Door Car,336,276449.37
EO95328,Oregon,F,Bachelor,792010.54,89284,67,3,Personal Auto,Two-Door Car,321,792010.54
EN21086,Arizona,F,High School or Below,688909.80,0,63,0,Personal Auto,Four-Door Car,302,688909.80
YL83902,Washington,F,Bachelor,327419.46,31686,81,0,Personal Auto,Four-Door Car,430,327419.46
AZ62651,Oregon,M,High School or Below,995170.77,56855,255,0,Corporate Auto,Luxury,1836,995170.77
ZW25874,Oregon,M,Bachelor,252155.57,53703,67,2,Special Auto,Four-Door Car,67,252155.57
EH41854,Washington,F,High School or Below,2370611.34,0,96,1,Personal Auto,Two-Door Car,844,2370611.34
MW70227,California,M,College,604702.52,20396,76,1,Personal Auto,Four-Door Car,364,604702.52
SL22297,California,F,Master,1114030.25,27679,150,0,Personal Auto,SUV,722,1114030.25
RV14138,Nevada,F,Bachelor,433406.41,23904,123,3,Personal Auto,SUV,590,433406.41
UO62808,Arizona,F,High School or Below,279974.79,65351,69,0,Corporate Auto,Four-Door Car,481,279974.79
ZX64745,California,M,College,792313.66,0,113,0,Personal Auto,SUV,1124,792313.66
FL34139,California,M,High School or Below,368811.09,0,63,3,Personal Auto,Four-Door Car,669,368811.09
TS11219,California,M,College,1206745.60,0,116,0,Personal Auto,SUV,1284,1206745.60
XX12304,California,F,College,292497.67,64459,72,0,Personal Auto,Four-Door Car,240,292497.67
SD64087,California,M,College,1501409.27,32961,190,0,Corporate Auto,SUV,912,1501409.27
OY38576,Oregon,F,High School or Below,927723.38,71416,116,0,Corporate Auto,SUV,556,927723.38
BG76355,Washington,F,Bachelor,627412.39,68964,78,0,Personal Auto,Four-Door Car,115,627412.39
IP66913,California,M,High School or Below,388664.74,78108,98,0,Personal Auto,Two-Door Car,470,388664.74
LE95702,California,M,College,438627.76,10621,67,0,Special Auto,Four-Door Car,321,438627.76
KX54357,Washington,M,College,1136526.77,84910,95,0,Corporate Auto,Two-Door Car,383,1136526.77
EZ78112,California,F,High School or Below,561096.43,77493,70,0,Special Auto,Four-Door Car,307,561096.43
XN16891,Arizona,M,College,291289.20,81097,74,0,Personal Auto,Four-Door Car,355,291289.20
XK31350,Oregon,F,College,691572.99,96610,85,0,Corporate Auto,Four-Door Car,520,691572.99
CC30924,Oregon,M,College,626266.33,30110,159,0,Corporate Auto,Luxury,466,626266.33
IT78748,Oregon,F,High School or Below,650339.70,22081,84,0,Special Auto,Two-Door Car,451,650339.70
KY33386,Washington,F,High School or Below,800739.94,0,112,0,Personal Auto,Luxury,537,800739.94
CO44221,California,M,College,292991.65,98473,72,0,Personal Auto,Four-Door Car,345,292991.65
LK60013,Oregon,F,Bachelor,596955.30,97431,74,0,Personal Auto,Four-Door Car,355,596955.30
DE21533,California,M,Bachelor,547315.99,93870,69,0,Personal Auto,Four-Door Car,331,547315.99
YS94121,Nevada,M,High School or Below,564539.67,50366,72,0,Personal Auto,Four-Door Car,428,564539.67
UK68427,Washington,M,High School or Below,636926.24,34498,83,0,Personal Auto,Two-Door Car,398,636926.24
TE49565,Oregon,F,College,1183376.73,16552,103,0,Personal Auto,SUV,494,1183376.73
RA88421,Oregon,F,College,612110.79,26787,77,0,Personal Auto,Four-Door Car,369,612110.79
KQ51983,Nevada,M,College,515936.97,0,74,0,Personal Auto,Two-Door Car,831,515936.97
CD88896,Nevada,F,High School or Below,251459.20,43860,65,0,Corporate Auto,Four-Door Car,156,251459.20
YV22553,Arizona,M,High School or Below,866861.13,21474,114,2,Corporate Auto,SUV,373,866861.13
WU14435,California,M,Bachelor,496096.54,18174,66,0,Corporate Auto,Four-Door Car,395,496096.54
XV84099,Arizona,F,Bachelor,550413.90,0,73,0,Corporate Auto,Four-Door Car,350,550413.90
RI24911,Arizona,M,College,750745.54,60920,64,0,Personal Auto,Two-Door Car,231,750745.54
KO26461,Arizona,M,High School or Below,3226985.14,41520,90,0,Personal Auto,Four-Door Car,289,3226985.14
HI14283,Oregon,F,Bachelor,565703.16,0,152,0,Personal Auto,SUV,729,565703.16
PT50227,Arizona,M,High School or Below,506175.79,0,68,0,Personal Auto,Two-Door Car,326,506175.79
BH36570,California,M,Bachelor,591278.38,72208,73,0,Personal Auto,Two-Door Car,350,591278.38
TX17484,California,F,Bachelor,1518227.98,53863,63,0,Personal Auto,Four-Door Car,105,1518227.98
CT41158,Washington,M,College,1074703.09,66446,136,0,Corporate Auto,SUV,639,1074703.09
AO87348,Washington,M,College,205062.35,0,61,0,Personal Auto,Four-Door Car,292,205062.35
DE55857,Washington,F,Bachelor,246544.49,64997,63,1,Personal Auto,Four-Door Car,383,246544.49
LF66923,Nevada,F,High School or Below,534312.13,64460,66,0,Corporate Auto,Two-Door Car,316,534312.13
CN24514,Arizona,F,College,811982.91,46618,67,0,Personal Auto,Four-Door Car,99,811982.91
UW32074,Oregon,F,College,460526.52,0,64,0,Corporate Auto,Four-Door Car,307,460526.52
HP36979,California,M,College,640878.56,49988,84,5,Personal Auto,Two-Door Car,566,640878.56
PP40919,California,F,College,237653.35,0,91,5,Personal Auto,Two-Door Car,436,237653.35
RO73268,California,M,Bachelor,321107.00,16269,86,0,Corporate Auto,Two-Door Car,412,321107.00
HO61691,Arizona,F,Bachelor,509452.23,72006,64,0,Personal Auto,Four-Door Car,307,509452.23
BS13062,Arizona,F,High School or Below,2575527.82,0,81,2,Personal Auto,Four-Door Car,388,2575527.82
FO35655,Oregon,M,Bachelor,867222.97,0,245,0,Corporate Auto,Luxury,2345,867222.97
HR10526,California,M,Master,804473.07,44320,67,0,Personal Auto,Four-Door Car,321,804473.07
IA63417,Arizona,F,High School or Below,400151.91,19782,108,0,Personal Auto,Two-Door Car,773,400151.91
BH35016,Nevada,F,Bachelor,1670611.70,63933,70,0,Personal Auto,Two-Door Car,424,1670611.70
PK52952,Arizona,M,Doctor,854441.11,28224,109,0,Personal Auto,SUV,523,854441.11
OD76309,Washington,F,College,780531.29,21073,106,1,Personal Auto,SUV,508,780531.29
IL28481,Oregon,M,Bachelor,611275.69,63243,77,0,Personal Auto,Four-Door Car,364,611275.69
GY55092,Nevada,M,High School or Below,477294.38,20993,133,0,Personal Auto,SUV,638,477294.38
UF33451,Oregon,F,Bachelor,1097909.56,94827,135,0,Personal Auto,SUV,354,1097909.56
CF15558,California,F,Master,500426.38,39161,63,1,Personal Auto,Two-Door Car,283,500426.38
JM62924,Washington,M,Bachelor,1322304.38,37534,84,2,Personal Auto,Four-Door Car,403,1322304.38
EM66435,Oregon,F,Bachelor,262331.54,80210,65,0,Corporate Auto,Four-Door Car,20,262331.54
QX45933,California,M,Bachelor,1784019.56,0,62,0,Personal Auto,Four-Door Car,385,1784019.56
JI71369,California,F,College,510611.18,30110,64,0,Personal Auto,Four-Door Car,140,510611.18
JU93290,Arizona,F,College,1793060.45,21708,68,0,Personal Auto,Four-Door Car,326,1793060.45
GU66096,Arizona,M,High School or Below,545734.26,94731,67,0,Personal Auto,Four-Door Car,321,545734.26
UC33108,California,M,Bachelor,656364.41,32375,83,0,Personal Auto,Four-Door Car,398,656364.41
LW93867,Oregon,M,College,481252.52,16531,63,0,Corporate Auto,Four-Door Car,102,481252.52
OU78470,Arizona,F,Master,2932804.19,32006,94,0,Corporate Auto,Four-Door Car,56,2932804.19
XW90265,Arizona,F,Bachelor,577352.07,81676,72,0,Personal Auto,Two-Door Car,463,577352.07
HS67749,California,M,College,684711.89,71038,86,0,Corporate Auto,Four-Door Car,205,684711.89
VZ51506,Arizona,F,High School or Below,359531.29,0,103,0,Corporate Auto,Luxury,741,359531.29
UI64281,Nevada,F,Master,2285561.21,20832,65,0,Personal Auto,Two-Door Car,56,2285561.21
AE98193,Washington,M,High School or Below,785941.46,0,113,0,Personal Auto,SUV,813,785941.46
AZ74055,Oregon,M,High School or Below,411557.74,52405,103,0,Personal Auto,Four-Door Car,494,411557.74
XS76911,Arizona,F,High School or Below,502963.88,0,133,0,Personal Auto,Luxury,795,502963.88
AY40674,Washington,F,Bachelor,482141.85,26583,1005,4,Personal Auto,SUV,614,482141.85
NA12740,Oregon,M,Master,500431.05,25486,65,0,Special Auto,Two-Door Car,72,500431.05
UA84837,Arizona,M,College,863005.39,24065,111,0,Corporate Auto,Four-Door Car,532,863005.39
DJ51510,Arizona,F,High School or Below,932208.51,70435,116,0,Personal Auto,Four-Door Car,67,932208.51
VM58985,California,M,College,1672756.06,0,76,2,Personal Auto,Two-Door Car,402,1672756.06
OH60605,Oregon,F,High School or Below,365253.24,39679,92,0,Personal Auto,Two-Door Car,641,365253.24
UO98052,Nevada,M,College,615860.12,0,89,0,Personal Auto,Four-Door Car,342,615860.12
NC53424,California,M,Bachelor,437608.40,0,69,4,Personal Auto,Two-Door Car,331,437608.40
LQ13873,Nevada,M,High School or Below,556945.62,53565,71,1,Personal Auto,Four-Door Car,340,556945.62
LA97014,Washington,M,Bachelor,257651.30,37574,66,1,Personal Auto,Two-Door Car,412,257651.30
NB79936,Washington,M,Bachelor,834698.32,48259,108,0,Personal Auto,Two-Door Car,73,834698.32
NT89061,Arizona,F,High School or Below,632392.39,78532,78,0,Personal Auto,Four-Door Car,374,632392.39
AF10970,Arizona,F,Bachelor,597314.34,96163,73,0,Corporate Auto,Four-Door Car,350,597314.34
ZG48513,California,M,Bachelor,470667.70,0,72,0,Personal Auto,Four-Door Car,345,470667.70
JQ59145,California,M,High School or Below,809341.03,0,114,1,Personal Auto,Luxury,722,809341.03
FE84989,Washington,M,College,503574.46,72672,63,0,Personal Auto,Four-Door Car,259,503574.46
JT52858,Oregon,F,Bachelor,902786.72,99002,112,1,Personal Auto,Four-Door Car,537,902786.72
MC62068,California,M,High School or Below,728888.48,79494,91,0,Personal Auto,Four-Door Car,396,728888.48
EU27538,Oregon,M,Master,1804247.94,35704,225,0,Personal Auto,Luxury,358,1804247.94
RH42306,Arizona,F,Bachelor,499206.30,0,71,0,Corporate Auto,Four-Door Car,653,499206.30
US23612,Oregon,F,High School or Below,910226.78,26049,118,0,Personal Auto,Two-Door Car,121,910226.78
WV76014,Arizona,M,Doctor,254040.77,70125,64,0,Special Auto,Four-Door Car,92,254040.77
RK96223,California,M,College,1294189.19,52369,110,1,Personal Auto,SUV,528,1294189.19
MF82000,Washington,F,Bachelor,236534.86,0,66,2,Special Auto,Four-Door Car,159,236534.86
FM46980,Arizona,M,College,572076.51,41770,72,0,Personal Auto,Four-Door Car,476,572076.51
SY56792,Oregon,M,High School or Below,703553.41,0,101,0,Corporate Auto,Four-Door Car,727,703553.41
RF61565,California,M,College,263697.77,31911,67,0,Personal Auto,Four-Door Car,321,263697.77
IM94808,Nevada,M,Bachelor,539583.20,70051,68,0,Corporate Auto,Four-Door Car,42,539583.20
VI14730,Oregon,M,High School or Below,838263.01,19683,117,1,Personal Auto,Luxury,561,838263.01
YR34119,Washington,F,College,3116174.52,30916,112,0,Personal Auto,SUV,200,3116174.52
RR77985,Oregon,F,Bachelor,288774.23,0,80,0,Personal Auto,Four-Door Car,676,288774.23
QD28391,Washington,M,College,742584.53,84302,62,0,Personal Auto,Four-Door Car,76,742584.53
WV17090,California,M,Bachelor,2558572.78,0,116,0,Corporate Auto,SUV,830,2558572.78
TM23514,Oregon,M,College,1027260.82,60145,132,0,Personal Auto,SUV,580,1027260.82
MQ68407,Oregon,F,Bachelor,437636.36,63774,111,0,Personal Auto,Four-Door Car,60,437636.36
GJ59592,California,F,Bachelor,531889.66,25134,67,0,Corporate Auto,Four-Door Car,321,531889.66
FY56083,Oregon,M,Bachelor,471976.22,37057,61,1,Personal Auto,Four-Door Car,47,471976.22
UA94723,Oregon,F,High School or Below,442803.16,58577,110,0,Personal Auto,SUV,303,442803.16
FW91032,California,M,High School or Below,587917.61,85857,73,0,Corporate Auto,Four-Door Car,100,587917.61
DE34457,Oregon,F,Doctor,941690.85,70602,116,0,Personal Auto,SUV,481,941690.85
HD32044,Oregon,F,Master,828815.56,33816,106,2,Corporate Auto,Four-Door Car,508,828815.56
HH30454,Oregon,M,Bachelor,3265483.83,0,153,0,Personal Auto,SUV,1101,3265483.83
AH84063,Oregon,F,College,471945.01,89642,121,4,Corporate Auto,SUV,86,471945.01
QA17596,California,F,Bachelor,390347.48,60068,98,0,Personal Auto,Two-Door Car,470,390347.48
XI41052,California,F,Bachelor,545725.97,50044,139,0,Personal Auto,SUV,667,545725.97
DI30528,California,F,Master,272535.64,36650,69,1,Personal Auto,Four-Door Car,56,272535.64
SC66359,Arizona,F,College,443397.37,50653,110,0,Corporate Auto,SUV,262,443397.37
EN61670,Arizona,F,Doctor,533246.27,68931,66,0,Personal Auto,Four-Door Car,309,533246.27
DQ10761,Oregon,M,Bachelor,231509.50,0,73,1,Corporate Auto,Four-Door Car,350,231509.50
BQ51587,California,F,College,541195.37,0,73,0,Personal Auto,Four-Door Car,365,541195.37
JE21522,California,M,Bachelor,958733.23,39266,80,0,Personal Auto,Four-Door Car,384,958733.23
WS47147,California,M,College,2210350.72,0,102,0,Personal Auto,SUV,489,2210350.72
ZA64638,Nevada,F,High School or Below,976494.53,0,98,1,Personal Auto,Four-Door Car,705,976494.53
EW38459,Nevada,F,Bachelor,256715.15,40864,65,0,Corporate Auto,Four-Door Car,9,256715.15
QW87316,Oregon,F,College,265062.28,39035,68,0,Personal Auto,Four-Door Car,244,265062.28
IC43478,California,M,Bachelor,1126436.33,34923,98,0,Personal Auto,Two-Door Car,639,1126436.33
TE34064,California,M,High School or Below,216852.35,0,63,0,Personal Auto,Four-Door Car,453,216852.35
WU60905,California,F,High School or Below,861066.75,0,111,0,Corporate Auto,SUV,532,861066.75
YM18992,California,F,College,283464.62,24506,71,0,Personal Auto,Two-Door Car,511,283464.62
PD55753,Oregon,M,High School or Below,893013.97,0,82,0,Personal Auto,Four-Door Car,554,893013.97
KU56006,Arizona,F,College,553638.70,52220,70,1,Personal Auto,Four-Door Car,336,553638.70
MJ69973,Arizona,M,High School or Below,284085.43,0,74,0,Personal Auto,Two-Door Car,402,284085.43
TW43626,California,M,College,808288.10,53554,67,0,Personal Auto,Four-Door Car,327,808288.10
XX84133,California,M,Bachelor,525473.43,34476,67,1,Corporate Auto,Four-Door Car,5,525473.43
ZW84453,Arizona,F,Bachelor,511623.76,0,70,0,Personal Auto,Four-Door Car,131,511623.76
HO29524,California,M,College,303464.70,68205,76,0,Personal Auto,Two-Door Car,99,303464.70
VE89726,California,F,High School or Below,802489.99,0,119,1,Personal Auto,SUV,856,802489.99
GE87503,California,M,High School or Below,1821114.32,53690,154,0,Personal Auto,SUV,739,1821114.32
PX90263,Oregon,M,High School or Below,512156.33,0,72,0,Personal Auto,Four-Door Car,518,512156.33
NI17718,California,F,High School or Below,215017.86,0,61,0,Personal Auto,Four-Door Car,292,215017.86
FY32213,California,F,High School or Below,559538.99,74454,71,0,Personal Auto,Four-Door Car,340,559538.99
RZ13254,Nevada,F,Bachelor,756282.40,0,73,0,Personal Auto,Four-Door Car,350,756282.40
GN45013,Oregon,M,High School or Below,538585.32,29664,71,0,Personal Auto,Four-Door Car,340,538585.32
NM39588,Washington,F,Doctor,267805.83,72450,66,0,Corporate Auto,Four-Door Car,84,267805.83
KU84464,Nevada,F,Bachelor,942256.79,47272,79,3,Personal Auto,Four-Door Car,64,942256.79
YH43527,Oregon,F,College,360586.03,21585,92,0,Corporate Auto,Four-Door Car,441,360586.03
RO30676,California,F,College,776259.06,23827,106,2,Personal Auto,Four-Door Car,37,776259.06
QL59704,Arizona,F,College,2344490.05,69906,74,2,Corporate Auto,Four-Door Car,202,2344490.05
QH19450,California,F,High School or Below,255817.82,0,72,0,Corporate Auto,Four-Door Car,345,255817.82
SA54664,Washington,M,Master,265438.10,73196,66,1,Personal Auto,Four-Door Car,85,265438.10
CI38330,Washington,M,Bachelor,254978.61,72217,6464,0,Personal Auto,Four-Door Car,91,254978.61
WB38524,California,M,High School or Below,296959.33,46131,74,0,Personal Auto,Two-Door Car,355,296959.33
CE56187,Oregon,F,Master,436312.46,54514,109,3,Personal Auto,SUV,286,436312.46
JL19416,California,F,High School or Below,588430.86,0,161,0,Personal Auto,SUV,1159,588430.86
JZ61422,Nevada,F,College,527219.16,96668,66,0,Personal Auto,Four-Door Car,316,527219.16
LA13377,California,M,Doctor,550989.57,78879,69,1,Personal Auto,Four-Door Car,466,550989.57
NC99948,Nevada,M,College,1631368.35,0,69,0,Personal Auto,Four-Door Car,331,1631368.35
QD34785,Arizona,F,Bachelor,567805.02,0,76,0,Personal Auto,Four-Door Car,364,567805.02
RO26085,California,F,Bachelor,1210120.88,0,112,0,Personal Auto,Luxury,1252,1210120.88
ES57969,Oregon,M,Bachelor,245357.08,29735,69,0,Personal Auto,Four-Door Car,331,245357.08
JK55587,California,M,High School or Below,507566.27,23082,65,0,Special Auto,Four-Door Car,312,507566.27
RN97635,Arizona,M,Bachelor,321497.94,53984,80,0,Corporate Auto,Four-Door Car,421,321497.94
BI76326,California,F,College,1227534.31,52135,156,0,Personal Auto,SUV,430,1227534.31
JA34909,California,F,College,272221.07,17576,71,0,Corporate Auto,Four-Door Car,398,272221.07
OJ90342,Oregon,F,Bachelor,245744.09,29486,62,0,Personal Auto,Four-Door Car,7,245744.09
CM88932,Oregon,F,Master,355484.53,58557,88,0,Corporate Auto,Four-Door Car,55,355484.53
JJ97525,California,M,Bachelor,492954.97,25632,63,0,Personal Auto,Two-Door Car,351,492954.97
XV21647,California,F,High School or Below,803645.03,0,112,0,Personal Auto,Luxury,806,803645.03
MC83487,Arizona,M,Bachelor,427691.53,18768,68,3,Corporate Auto,Four-Door Car,647,427691.53
BL90769,California,F,Bachelor,3347334.95,33190,106,0,Personal Auto,SUV,508,3347334.95
CR57148,Oregon,F,Master,596058.14,47945,74,0,Personal Auto,Two-Door Car,128,596058.14
CP85232,Arizona,M,College,4479546.94,58778,126,0,Special Auto,SUV,302,4479546.94
YL74732,California,F,High School or Below,383211.81,15192,100,0,Personal Auto,SUV,480,383211.81
FG16766,California,F,Bachelor,683793.26,51859,171,0,Personal Auto,SUV,1003,683793.26
NV55438,Nevada,F,High School or Below,528526.82,23422,72,0,Personal Auto,Two-Door Car,518,528526.82
RM10880,California,F,College,309651.12,21604,79,0,Corporate Auto,Four-Door Car,379,309651.12
GL56175,Arizona,M,College,358971.07,79298,90,0,Personal Auto,Four-Door Car,244,358971.07
UK52289,Arizona,F,Bachelor,258240.85,76731,64,0,Special Auto,Four-Door Car,201,258240.85
OT85112,Washington,M,College,340391.94,38460,88,1,Personal Auto,Four-Door Car,91,340391.94
BC62782,Arizona,F,College,1357567.60,48534,115,1,Personal Auto,SUV,552,1357567.60
TI19722,Washington,M,Doctor,343613.43,30817,88,0,Corporate Auto,Four-Door Car,91,343613.43
JP30654,Oregon,F,College,2868582.79,48412,104,0,Personal Auto,SUV,707,2868582.79
UM45563,Washington,M,Bachelor,450267.97,68798,114,0,Personal Auto,SUV,92,450267.97
EN60878,Oregon,M,Bachelor,618311.15,23712,85,0,Personal Auto,Four-Door Car,376,618311.15
JF36291,California,M,College,387364.70,28142,105,0,Personal Auto,Luxury,701,387364.70
BK59444,California,F,Master,1892933.06,72196,68,0,Personal Auto,Four-Door Car,152,1892933.06
MK70700,California,M,Master,555329.58,68197,69,0,Personal Auto,Four-Door Car,176,555329.58
IW71076,California,M,Bachelor,501125.92,75248,63,0,Corporate Auto,Four-Door Car,104,501125.92
AP98768,California,F,College,1044244.63,0,98,0,Personal Auto,Four-Door Car,941,1044244.63
OM24164,Nevada,M,Bachelor,219961.78,0,65,1,Personal Auto,Two-Door Car,468,219961.78
HR85211,Washington,F,Master,512317.09,89879,63,0,Personal Auto,Two-Door Car,94,512317.09
VC87846,Oregon,M,High School or Below,748431.05,46998,96,0,Corporate Auto,Four-Door Car,460,748431.05
ZM92052,Oregon,M,Bachelor,261302.31,57099,67,0,Personal Auto,Two-Door Car,67,261302.31
ON73702,Arizona,F,Bachelor,908063.97,33897,114,0,Corporate Auto,SUV,539,908063.97
QQ90441,Nevada,F,High School or Below,1377097.62,59207,116,0,Personal Auto,Four-Door Car,556,1377097.62
HU35721,Oregon,M,High School or Below,287682.29,40171,73,0,Personal Auto,Four-Door Car,350,287682.29
YP47665,Washington,M,Doctor,540891.15,80192,67,0,Personal Auto,Four-Door Car,95,540891.15
FU99476,Washington,M,High School or Below,677030.68,74422,85,1,Personal Auto,Four-Door Car,95,677030.68
AG85615,Oregon,M,College,2414387.56,0,87,0,Special Auto,Four-Door Car,626,2414387.56
OY74069,Arizona,F,College,353805.95,0,67,5,Personal Auto,Four-Door Car,321,353805.95
DJ91267,Nevada,F,Bachelor,2909123.94,34226,244,0,Personal Auto,Luxury,494,2909123.94
KB72438,California,F,High School or Below,1983420.12,65989,123,1,Personal Auto,SUV,115,1983420.12
TR67616,Oregon,M,High School or Below,473136.70,30686,61,0,Corporate Auto,Four-Door Car,19,473136.70
GF65731,California,F,Master,3553784.60,0,113,0,Personal Auto,Luxury,799,3553784.60
HB67642,Arizona,F,High School or Below,3461137.90,20090,109,0,Personal Auto,Luxury,523,3461137.90
DP84567,California,M,High School or Below,2021630.88,0,183,0,Personal Auto,Luxury,878,2021630.88
VV77534,Oregon,M,College,1397651.93,77094,176,0,Personal Auto,SUV,444,1397651.93
GL67540,California,F,College,590408.82,97413,73,0,Personal Auto,Four-Door Car,268,590408.82
SV50502,Oregon,F,Master,559583.50,79189,69,0,Corporate Auto,Four-Door Car,331,559583.50
UK59698,California,F,High School or Below,229430.36,0,62,0,Personal Auto,Two-Door Car,297,229430.36
OA57352,Arizona,F,College,627391.19,18577,86,0,Personal Auto,Four-Door Car,412,627391.19
ZF84449,Oregon,F,College,372672.80,0,112,1,Special Auto,Luxury,806,372672.80
AX86150,Washington,M,High School or Below,265671.31,62777,67,0,Personal Auto,Two-Door Car,101,265671.31
HG39060,Oregon,M,Bachelor,511068.08,0,74,0,Corporate Auto,Four-Door Car,532,511068.08
EM29359,Nevada,M,College,712659.65,17483,183,0,Personal Auto,Luxury,1317,712659.65
SF57173,Oregon,M,Master,460163.41,84394,114,0,Personal Auto,SUV,691,460163.41
OT47603,Oregon,M,College,915523.97,0,127,0,Personal Auto,Luxury,804,915523.97
SW31412,Oregon,F,College,1480805.62,41440,62,1,Personal Auto,Four-Door Car,297,1480805.62
JS36322,Arizona,M,High School or Below,890167.84,0,136,1,Personal Auto,Luxury,1090,890167.84
RE81445,Oregon,F,College,573459.82,98132,71,0,Personal Auto,Two-Door Car,50,573459.82
RM24280,Oregon,F,High School or Below,417769.70,0,112,0,Personal Auto,Four-Door Car,537,417769.70
LC25393,California,M,Bachelor,2777628.91,88220,230,0,Personal Auto,Luxury,151,2777628.91
UX38930,Arizona,F,Master,1036434.75,58327,129,0,Personal Auto,SUV,347,1036434.75
HD95496,Oregon,M,Master,785190.14,25950,66,0,Personal Auto,Two-Door Car,271,785190.14
RX24650,Oregon,M,High School or Below,477294.38,20993,133,0,Corporate Auto,SUV,638,477294.38
DW19309,Oregon,M,High School or Below,1422650.49,65726,177,0,Corporate Auto,SUV,849,1422650.49
MT41386,Washington,M,Bachelor,287543.24,84768,72,0,Personal Auto,Two-Door Car,110,287543.24
WZ40465,Washington,F,Bachelor,504129.96,36234,63,0,Personal Auto,Four-Door Car,113,504129.96
DB42794,California,M,College,436293.12,58842,110,0,Personal Auto,Four-Door Car,528,436293.12
JB50798,Oregon,F,Master,962452.44,25629,124,2,Corporate Auto,Luxury,595,962452.44
IP69763,Washington,F,College,2191440.55,77311,181,0,Personal Auto,SUV,113,2191440.55
TE35785,California,M,Doctor,694842.22,0,196,2,Personal Auto,Luxury,1337,694842.22
HX74855,Washington,M,High School or Below,247152.84,95697,61,0,Personal Auto,Two-Door Car,114,247152.84
QN65180,Oregon,F,Bachelor,2190391.36,22254,79,0,Personal Auto,Four-Door Car,125,2190391.36
GE47180,Nevada,M,High School or Below,902882.14,65974,113,0,Personal Auto,Luxury,235,902882.14
VQ38776,Oregon,F,College,530375.95,0,76,0,Personal Auto,Four-Door Car,395,530375.95
BH86846,Washington,M,High School or Below,2070825.88,92079,65,1,Corporate Auto,Four-Door Car,114,2070825.88
IN17648,Nevada,M,High School or Below,512376.81,0,74,0,Personal Auto,Two-Door Car,772,512376.81
DF95759,Oregon,M,College,949234.30,0,132,0,Personal Auto,SUV,633,949234.30
QG45324,Oregon,F,High School or Below,820486.32,0,73,0,Personal Auto,Four-Door Car,350,820486.32
MN61620,Arizona,F,College,987729.57,67752,131,4,Personal Auto,Luxury,168,987729.57
YH86390,California,F,Bachelor,481500.97,25398,64,0,Corporate Auto,Four-Door Car,307,481500.97
FY13480,California,M,High School or Below,627701.17,0,88,0,Personal Auto,Four-Door Car,633,627701.17
YH61661,California,M,High School or Below,826063.98,33321,105,0,Special Auto,SUV,504,826063.98
NL93182,Nevada,M,Bachelor,254945.00,0,78,0,Corporate Auto,Four-Door Car,845,254945.00
LN31673,Washington,F,College,1131808.98,38923,99,2,Personal Auto,Four-Door Car,115,1131808.98
WE68644,Oregon,F,Bachelor,380392.18,20325,100,0,Personal Auto,Luxury,668,380392.18
EZ30498,Oregon,M,Bachelor,863540.35,13129,117,0,Personal Auto,SUV,700,863540.35
QY74517,Oregon,F,High School or Below,551055.90,0,73,0,Personal Auto,Four-Door Car,525,551055.90
NM88660,Nevada,M,Master,358588.41,49080,91,0,Corporate Auto,Four-Door Car,25,358588.41
MZ82036,Nevada,M,College,488925.28,42536,63,0,Personal Auto,Four-Door Car,375,488925.28
ID20929,Oregon,M,Bachelor,275694.17,29926,74,0,Corporate Auto,Four-Door Car,418,275694.17
EY50028,Nevada,M,Doctor,328954.74,0,86,0,Corporate Auto,Two-Door Car,398,328954.74
TT82373,California,F,Bachelor,1093717.85,21450,138,0,Personal Auto,Luxury,938,1093717.85
OH64088,California,M,High School or Below,737556.79,33345,65,0,Corporate Auto,Four-Door Car,338,737556.79
SK97780,California,F,Bachelor,1011077.82,15752,90,0,Corporate Auto,Two-Door Car,339,1011077.82
IO33050,Oregon,F,High School or Below,511941.43,40169,65,1,Personal Auto,Four-Door Car,302,511941.43
XA55917,California,F,College,853383.20,26049,113,1,Personal Auto,SUV,619,853383.20
JK32620,Nevada,M,College,222476.80,0,68,0,Personal Auto,Four-Door Car,326,222476.80
RQ19236,Arizona,M,Doctor,804280.38,55411,100,0,Personal Auto,Luxury,259,804280.38
QC47433,Oregon,M,College,255443.71,12459,70,0,Personal Auto,Four-Door Car,336,255443.71
RA93608,Oregon,M,Bachelor,1807394.00,64620,76,1,Personal Auto,Two-Door Car,364,1807394.00
XH97711,California,M,Bachelor,243050.66,83140,61,0,Corporate Auto,Four-Door Car,179,243050.66
AU96286,Oregon,F,Bachelor,316765.84,0,92,0,Corporate Auto,Four-Door Car,662,316765.84
KC17170,Arizona,F,Bachelor,546560.40,54422,68,0,Corporate Auto,Four-Door Car,75,546560.40
ZN47335,California,M,College,1035751.42,68309,131,0,Corporate Auto,SUV,306,1035751.42
EI46264,California,M,High School or Below,253781.39,56621,65,2,Personal Auto,Four-Door Car,84,253781.39
EK87864,Arizona,F,College,282194.72,38977,70,0,Special Auto,Four-Door Car,139,282194.72
GV45403,Arizona,M,Bachelor,775712.81,0,111,0,Corporate Auto,Two-Door Car,607,775712.81
QK31192,Arizona,M,High School or Below,407913.27,0,114,0,Corporate Auto,Two-Door Car,631,407913.27
LU89008,Arizona,F,College,595554.46,0,83,0,Personal Auto,Four-Door Car,628,595554.46
NS10490,Oregon,F,Bachelor,1415861.36,83235,70,0,Personal Auto,Two-Door Car,336,1415861.36
KL98495,Nevada,M,College,848723.80,0,74,0,Personal Auto,Two-Door Car,426,848723.80
IU96845,Arizona,M,College,628547.69,32390,80,0,Personal Auto,Four-Door Car,91,628547.69
QL93655,Oregon,F,High School or Below,1147348.15,66538,95,0,Personal Auto,Two-Door Car,317,1147348.15
PF40592,Washington,F,College,494263.06,23285,65,0,Personal Auto,Two-Door Car,118,494263.06
LZ34046,Oregon,M,Bachelor,2359468.02,76358,66,0,Personal Auto,Four-Door Car,86,2359468.02
JC80093,Washington,M,Master,257250.66,21104,66,0,Personal Auto,Four-Door Car,118,257250.66
YE88490,Arizona,F,College,538089.86,55350,67,0,Personal Auto,Four-Door Car,321,538089.86
YC80498,California,F,College,477055.09,12964,65,0,Personal Auto,Two-Door Car,362,477055.09
AI85843,Arizona,F,Master,675665.14,33288,86,2,Personal Auto,Four-Door Car,221,675665.14
XD66024,Arizona,F,College,593601.18,0,84,0,Personal Auto,Four-Door Car,980,593601.18
FY51713,Arizona,F,Bachelor,357076.05,56168,88,0,Personal Auto,Four-Door Car,614,357076.05
PH26378,California,M,College,601996.05,0,92,0,Personal Auto,Four-Door Car,662,601996.05
WQ18638,Oregon,M,High School or Below,542686.40,23105,69,0,Personal Auto,Two-Door Car,331,542686.40
KY14688,Oregon,F,Master,273031.38,36218,68,0,Personal Auto,Four-Door Car,145,273031.38
TC97762,California,F,High School or Below,498268.14,52275,62,0,Corporate Auto,Four-Door Car,374,498268.14
QC87108,Oregon,F,College,876926.68,49665,74,0,Personal Auto,Four-Door Car,355,876926.68
CX12134,Nevada,M,High School or Below,422061.35,32471,110,0,Personal Auto,Two-Door Car,528,422061.35
SM73248,Arizona,M,High School or Below,1153750.51,0,86,1,Corporate Auto,Two-Door Car,619,1153750.51
CK19789,California,F,Master,588718.20,62773,73,0,Personal Auto,Four-Door Car,80,588718.20
UV12583,California,F,College,470058.38,76694,117,0,Personal Auto,SUV,561,470058.38
JC11405,Oregon,M,High School or Below,1096395.72,55687,276,0,Personal Auto,Luxury,1324,1096395.72
KA89683,Arizona,F,High School or Below,252317.12,0,70,0,Personal Auto,Four-Door Car,504,252317.12
BG85305,Nevada,M,Doctor,375780.47,36633,96,1,Personal Auto,Four-Door Car,460,375780.47
UQ87917,Oregon,M,High School or Below,1294173.35,77060,106,0,Personal Auto,SUV,468,1294173.35
XN11823,Nevada,F,Bachelor,376446.51,92600,94,0,Corporate Auto,Two-Door Car,842,376446.51
OS46571,California,M,High School or Below,688955.70,0,66,0,Personal Auto,Four-Door Car,475,688955.70
PX17116,Nevada,M,College,362345.42,0,111,2,Corporate Auto,SUV,1171,362345.42
RP19541,Arizona,M,College,758211.38,64801,64,0,Personal Auto,Four-Door Car,268,758211.38
ZR25747,Oregon,F,College,827774.56,45257,103,0,Corporate Auto,Two-Door Car,494,827774.56
NQ86532,California,M,High School or Below,257645.56,26854,66,0,Personal Auto,Four-Door Car,475,257645.56
JY27336,Oregon,F,College,820538.79,85840,102,2,Corporate Auto,SUV,138,820538.79
PB54378,Oregon,F,Doctor,1958246.89,26463,72,0,Corporate Auto,Four-Door Car,345,1958246.89
SV38190,Nevada,F,Bachelor,648152.66,30689,81,0,Personal Auto,Four-Door Car,467,648152.66
CV24005,Oregon,M,High School or Below,259931.09,29590,66,0,Corporate Auto,Two-Door Car,467,259931.09
EX28656,Oregon,F,College,983033.76,25965,253,0,Personal Auto,Luxury,1214,983033.76
CF57022,Oregon,M,Bachelor,1044265.14,17269,139,0,Personal Auto,SUV,667,1044265.14
GM16780,Oregon,M,College,3605753.70,90330,137,3,Corporate Auto,Luxury,192,3605753.70
BX94438,California,F,High School or Below,847003.68,0,113,0,Corporate Auto,SUV,619,847003.68
RM41745,California,F,High School or Below,827878.65,0,110,0,Personal Auto,Four-Door Car,1002,827878.65
XR70252,California,F,High School or Below,478893.26,0,67,1,Personal Auto,Two-Door Car,321,478893.26
YH92099,Arizona,F,Bachelor,308799.99,18558,80,0,Special Auto,Four-Door Car,384,308799.99
SG81493,Arizona,M,Bachelor,444373.62,46384,113,0,Corporate Auto,Four-Door Car,251,444373.62
ZX23819,Oregon,F,High School or Below,798408.65,0,72,0,Personal Auto,Two-Door Car,866,798408.65
FJ54907,Oregon,F,College,718097.10,42303,180,0,Personal Auto,Luxury,1210,718097.10
CU26127,California,F,Bachelor,1565603.43,71731,130,0,Corporate Auto,SUV,599,1565603.43
YH60476,Oregon,M,High School or Below,578018.22,51066,74,0,Corporate Auto,Four-Door Car,787,578018.22
ZZ97035,California,M,College,2071494.04,0,203,0,Corporate Auto,Luxury,2027,2071494.04
GE82737,Nevada,F,Bachelor,533735.24,0,86,3,Personal Auto,Four-Door Car,619,533735.24
KY21873,Arizona,M,College,505082.62,0,69,0,Personal Auto,Two-Door Car,72,505082.62
UA51318,Arizona,F,High School or Below,511662.40,26173,68,1,Corporate Auto,Four-Door Car,449,511662.40
BV55014,Oregon,M,Bachelor,726873.70,24445,63,0,Personal Auto,Two-Door Car,302,726873.70
HX21307,Oregon,M,College,261661.39,72302,66,0,Personal Auto,Two-Door Car,316,261661.39
LQ68252,Oregon,M,High School or Below,373843.62,27208,102,0,Personal Auto,SUV,489,373843.62
CR92802,California,F,Master,272535.64,36650,69,1,Special Auto,Four-Door Car,56,272535.64
SL35268,Arizona,M,College,545386.12,30855,68,0,Corporate Auto,Four-Door Car,259,545386.12
RD62882,Arizona,F,Bachelor,684615.03,0,95,0,Personal Auto,Two-Door Car,456,684615.03
JS42382,Oregon,M,Master,617291.42,99960,76,0,Corporate Auto,Four-Door Car,364,617291.42
BT30554,Arizona,F,Bachelor,1034632.45,0,98,0,Personal Auto,Four-Door Car,470,1034632.45
VP57424,Nevada,F,Bachelor,699700.86,55873,88,0,Personal Auto,Four-Door Car,299,699700.86
VU19243,Arizona,F,High School or Below,419625.77,18052,111,0,Personal Auto,Four-Door Car,699,419625.77
TA82973,Oregon,F,High School or Below,785810.98,28937,104,2,Personal Auto,SUV,117,785810.98
GK71720,Oregon,F,High School or Below,606434.40,0,86,0,Personal Auto,Four-Door Car,545,606434.40
OQ61223,California,M,College,1749752.20,0,73,0,Personal Auto,Two-Door Car,350,1749752.20
LL62746,Oregon,M,Doctor,897064.73,12829,118,0,Personal Auto,SUV,328,897064.73
JQ56711,Oregon,F,Master,592311.72,92163,73,0,Personal Auto,Two-Door Car,66,592311.72
AW77988,Oregon,M,High School or Below,3585059.94,17588,192,0,Personal Auto,Luxury,1382,3585059.94
QP84605,Washington,F,Bachelor,870984.53,41546,111,0,Corporate Auto,Four-Door Car,121,870984.53
MY97912,Arizona,M,College,1330933.52,0,127,0,Personal Auto,SUV,609,1330933.52
IB87349,California,M,High School or Below,452850.49,70340,113,0,Special Auto,Four-Door Car,542,452850.49
AW73065,Oregon,F,High School or Below,279190.65,0,74,0,Personal Auto,Four-Door Car,532,279190.65
BW80872,Washington,M,High School or Below,443441.12,34549,111,0,Personal Auto,Four-Door Car,125,443441.12
PX70175,Arizona,M,College,799600.75,93459,99,0,Personal Auto,Four-Door Car,655,799600.75
KF75098,Arizona,M,Bachelor,512973.90,86148,65,2,Personal Auto,Four-Door Car,312,512973.90
IS50283,California,F,Bachelor,569717.52,27048,72,0,Corporate Auto,Four-Door Car,345,569717.52
MY64920,Oregon,F,College,921713.06,73259,115,0,Personal Auto,SUV,673,921713.06
KN34250,Oregon,F,College,1020892.76,35482,129,0,Corporate Auto,SUV,619,1020892.76
GN46207,Oregon,F,Master,417068.73,29462,107,1,Personal Auto,SUV,513,417068.73
KL57176,Oregon,F,College,450540.58,67801,115,1,Personal Auto,SUV,23,450540.58
MN94234,California,M,High School or Below,310756.86,0,94,4,Personal Auto,Two-Door Car,451,310756.86
JY90595,Arizona,M,High School or Below,552866.50,16042,73,0,Personal Auto,Two-Door Car,350,552866.50
HK26543,California,M,High School or Below,504586.67,28056,64,1,Personal Auto,Four-Door Car,307,504586.67
PN86062,California,M,High School or Below,296272.25,16495,85,3,Corporate Auto,Four-Door Car,408,296272.25
VW27730,California,F,Master,866595.64,41163,108,0,Corporate Auto,SUV,231,866595.64
SH55671,Arizona,F,College,1141344.12,0,161,1,Personal Auto,Luxury,772,1141344.12
MO56878,California,M,Bachelor,1548843.20,33799,109,3,Corporate Auto,SUV,664,1548843.20
VO38365,Washington,F,College,886114.95,90125,110,0,Corporate Auto,SUV,128,886114.95
SV35618,Oregon,F,Bachelor,593474.15,87747,147,1,Personal Auto,SUV,46,593474.15
RX12347,Nevada,M,College,354323.21,35695,90,0,Personal Auto,Four-Door Car,432,354323.21
FR55658,California,M,Master,349002.83,90985,87,0,Personal Auto,Four-Door Car,78,349002.83
XS12556,California,F,College,368309.99,0,101,0,Corporate Auto,Luxury,564,368309.99
ZU73588,California,M,College,598977.39,66839,154,0,Personal Auto,Luxury,739,598977.39
WT43034,California,F,High School or Below,1250084.30,0,165,0,Personal Auto,SUV,792,1250084.30
VM13430,Oregon,F,Bachelor,860915.82,79090,107,0,Corporate Auto,SUV,289,860915.82
TC78849,Oregon,M,Bachelor,249745.51,24825,64,0,Personal Auto,Two-Door Car,155,249745.51
VC34764,California,M,College,701917.72,26806,63,0,Personal Auto,Four-Door Car,302,701917.72
WO90953,Oregon,F,College,538792.63,56835,67,0,Personal Auto,Two-Door Car,326,538792.63
IU47468,Oregon,F,Bachelor,616555.75,0,88,0,Special Auto,Two-Door Car,653,616555.75
KO46064,California,M,Bachelor,273020.29,46135,69,0,Personal Auto,Four-Door Car,103,273020.29
RB34917,Arizona,F,Bachelor,516211.69,0,73,0,Personal Auto,Four-Door Car,809,516211.69
BI38192,Oregon,F,High School or Below,793706.48,22862,67,0,Personal Auto,Two-Door Car,321,793706.48
PU18983,Oregon,F,High School or Below,860815.72,21450,110,2,Personal Auto,Luxury,528,860815.72
SW79912,Oregon,M,Bachelor,263254.58,95854,65,0,Personal Auto,Two-Door Car,312,263254.58
ES39217,Oregon,F,Bachelor,778500.42,44897,99,1,Personal Auto,Four-Door Car,580,778500.42
KP72427,Washington,M,High School or Below,2163983.86,64455,108,0,Personal Auto,SUV,133,2163983.86
UA19178,Oregon,F,Master,498082.50,53265,62,0,Personal Auto,Four-Door Car,238,498082.50
PR53785,Arizona,F,High School or Below,745723.78,0,198,1,Personal Auto,Luxury,1577,745723.78
XF57481,Washington,M,Master,1064093.93,50450,90,0,Personal Auto,Two-Door Car,135,1064093.93
CN90378,California,F,High School or Below,686250.83,54780,88,3,Personal Auto,Four-Door Car,135,686250.83
KI56154,Nevada,M,High School or Below,904898.34,0,119,0,Personal Auto,Luxury,571,904898.34
UI55951,California,M,Bachelor,554803.19,67798,69,0,Personal Auto,Four-Door Car,331,554803.19
FF28650,Oregon,M,Bachelor,831268.16,21442,118,0,Personal Auto,SUV,566,831268.16
FS55302,California,M,Bachelor,238998.10,27615,62,1,Personal Auto,Four-Door Car,297,238998.10
TN79487,California,M,Bachelor,445811.34,17622,65,1,Personal Auto,Four-Door Car,312,445811.34
HG32616,Nevada,M,High School or Below,529574.17,50200,135,0,Personal Auto,Luxury,637,529574.17
UK41984,Arizona,F,Doctor,383960.61,0,112,2,Personal Auto,SUV,537,383960.61
LZ52266,California,F,High School or Below,373150.46,0,96,0,Personal Auto,Four-Door Car,460,373150.46
PM27367,California,F,Master,277890.37,73570,70,1,Special Auto,Two-Door Car,75,277890.37
ZK21724,Oregon,F,High School or Below,401654.20,0,111,0,Personal Auto,SUV,799,401654.20
BH35482,Washington,M,Doctor,493094.93,70412,61,0,Corporate Auto,Two-Door Car,136,493094.93
QE22757,Nevada,M,Doctor,249131.70,36631,62,0,Personal Auto,Four-Door Car,67,249131.70
ON77649,Oregon,F,College,290887.59,35895,73,0,Personal Auto,Four-Door Car,312,290887.59
RN82884,Arizona,F,College,428294.80,40864,109,1,Personal Auto,SUV,166,428294.80
CQ75652,Oregon,M,College,834162.37,0,118,0,Personal Auto,Four-Door Car,566,834162.37
FF58467,Arizona,F,Master,509078.13,93018,63,0,Personal Auto,Four-Door Car,135,509078.13
BS83666,Oregon,M,Bachelor,736618.83,70014,62,0,Corporate Auto,Four-Door Car,17,736618.83
WO29605,Oregon,F,College,243687.51,48875,61,0,Personal Auto,Two-Door Car,1,243687.51
TL77607,California,M,Bachelor,885268.87,67969,74,0,Personal Auto,Four-Door Car,197,885268.87
EZ50606,Oregon,F,High School or Below,2387547.68,0,108,0,Corporate Auto,SUV,612,2387547.68
OS39723,Oregon,F,Doctor,560049.65,68665,69,0,Personal Auto,Two-Door Car,331,560049.65
FN69743,California,M,College,463654.65,26802,66,1,Corporate Auto,Two-Door Car,316,463654.65
XW96958,Nevada,M,High School or Below,757334.51,0,110,0,Corporate Auto,Four-Door Car,1193,757334.51
TU92578,California,M,College,1469663.55,45345,125,0,Personal Auto,SUV,600,1469663.55
TL43709,Washington,M,Bachelor,897214.03,89689,74,0,Personal Auto,Four-Door Car,136,897214.03
YE68736,California,F,Bachelor,772484.01,32051,193,1,Personal Auto,SUV,926,772484.01
OB96537,Oregon,M,Master,594667.07,81139,74,0,Special Auto,Four-Door Car,392,594667.07
EU68825,Oregon,F,Master,800054.51,63834,100,1,Personal Auto,Luxury,215,800054.51
CC31456,Arizona,M,Bachelor,645756.10,37548,81,0,Special Auto,Four-Door Car,160,645756.10
DJ77787,Arizona,F,High School or Below,728144.01,0,69,3,Personal Auto,Four-Door Car,371,728144.01
LN26837,California,M,High School or Below,259243.78,72421,65,0,Personal Auto,Four-Door Car,312,259243.78
YI92916,Nevada,M,Master,467842.34,83102,116,0,Corporate Auto,Four-Door Car,443,467842.34
NW54906,Oregon,M,College,1386992.71,28432,118,0,Personal Auto,SUV,612,1386992.71
ME77513,Nevada,F,Master,871777.78,83707,108,0,Corporate Auto,Four-Door Car,290,871777.78
UK76891,California,F,College,523398.68,63259,65,0,Corporate Auto,Four-Door Car,316,523398.68
SI26888,Nevada,F,High School or Below,476418.97,0,67,0,Personal Auto,Four-Door Car,405,476418.97
YD74948,Oregon,F,College,247246.92,63860,62,0,Personal Auto,Four-Door Car,208,247246.92
HB64268,Washington,M,Bachelor,281369.26,43836,73,0,Personal Auto,Four-Door Car,138,281369.26
BW52697,California,F,College,550505.70,86132,68,0,Personal Auto,Two-Door Car,301,550505.70
NL41409,Oregon,F,Bachelor,260620.85,28519,66,0,Personal Auto,Two-Door Car,456,260620.85
OD69005,Arizona,F,High School or Below,1048194.38,39102,88,0,Personal Auto,Four-Door Car,152,1048194.38
ZZ91716,California,F,Bachelor,325676.64,0,89,0,Personal Auto,Four-Door Car,491,325676.64
UK70255,California,F,College,3047578.05,97298,128,0,Personal Auto,Luxury,48,3047578.05
QT25383,Nevada,M,High School or Below,636490.22,41986,84,2,Personal Auto,Two-Door Car,430,636490.22
AW18068,Arizona,M,High School or Below,946850.93,0,88,0,Personal Auto,Two-Door Car,633,946850.93
NS45347,Oregon,F,College,563145.19,17291,73,0,Personal Auto,Four-Door Car,350,563145.19
FV19421,California,M,Bachelor,778099.93,0,74,0,Personal Auto,Four-Door Car,246,778099.93
XW89091,California,M,College,981652.83,37256,62,0,Personal Auto,Four-Door Car,128,981652.83
YC11951,Oregon,M,High School or Below,751913.36,96306,95,1,Corporate Auto,Four-Door Car,185,751913.36
UY18770,California,F,Bachelor,1017971.70,14290,271,0,Personal Auto,Luxury,1300,1017971.70
RA49085,California,F,College,277283.92,37038,71,1,Corporate Auto,Four-Door Car,9,277283.92
BG84194,Oregon,M,College,403750.18,90760,103,2,Special Auto,SUV,133,403750.18
PT64580,Washington,M,Master,419196.61,77048,103,0,Personal Auto,SUV,141,419196.61
MR67738,Oregon,F,High School or Below,267686.79,54480,67,0,Personal Auto,Four-Door Car,321,267686.79
DM95829,California,M,College,252395.96,16244,68,0,Personal Auto,Two-Door Car,623,252395.96
DB75522,California,F,College,698840.16,22436,89,0,Special Auto,Four-Door Car,427,698840.16
LM34525,Washington,F,College,874205.78,71592,72,0,Personal Auto,Four-Door Car,141,874205.78
WW30771,Arizona,M,Master,267331.96,28728,67,0,Personal Auto,Four-Door Car,321,267331.96
QP65569,Arizona,M,High School or Below,1215732.99,57449,103,0,Personal Auto,Four-Door Car,494,1215732.99
TN50051,California,F,Doctor,295776.40,83318,73,0,Personal Auto,Two-Door Car,211,295776.40
UO86707,Washington,M,Bachelor,717390.94,75217,61,1,Personal Auto,Four-Door Car,147,717390.94
JA41698,Nevada,M,Bachelor,309953.80,0,102,5,Corporate Auto,SUV,862,309953.80
NX18774,Oregon,M,Bachelor,841568.46,55308,107,0,Corporate Auto,SUV,513,841568.46
DA69469,Oregon,F,College,2684312.45,36068,97,0,Personal Auto,Two-Door Car,113,2684312.45
CN23147,Oregon,M,Bachelor,1305717.07,48804,112,1,Corporate Auto,Four-Door Car,537,1305717.07
RA68844,Oregon,M,College,959995.02,0,131,0,Personal Auto,SUV,943,959995.02
GH42026,Oregon,M,Bachelor,853510.89,55790,111,0,Personal Auto,SUV,117,853510.89
BD16530,Arizona,F,Bachelor,829348.19,70258,69,0,Personal Auto,Four-Door Car,225,829348.19
JH91579,Oregon,F,Bachelor,684615.03,0,95,0,Personal Auto,Two-Door Car,456,684615.03
WK23685,Oregon,F,Bachelor,663685.98,47274,83,1,Corporate Auto,Four-Door Car,182,663685.98
GR62267,Washington,F,College,560908.25,44705,71,0,Personal Auto,Two-Door Car,148,560908.25
PI78084,Arizona,M,High School or Below,507732.09,0,73,0,Personal Auto,Two-Door Car,525,507732.09
GF97874,Washington,F,Master,527562.70,70446,65,0,Personal Auto,Four-Door Car,155,527562.70
ZH19885,Washington,F,High School or Below,251459.20,43860,65,0,Personal Auto,Four-Door Car,156,251459.20
UK25655,Oregon,F,Bachelor,343525.01,64348,86,0,Personal Auto,Two-Door Car,212,343525.01
QR45101,Oregon,M,Bachelor,662461.18,0,62,0,Corporate Auto,Two-Door Car,297,662461.18
EL93539,California,M,Master,575744.23,88997,72,0,Special Auto,Four-Door Car,174,575744.23
EE99484,Washington,F,High School or Below,251459.20,43860,65,0,Corporate Auto,Four-Door Car,156,251459.20
DP46882,California,F,High School or Below,288645.16,10312,78,0,Corporate Auto,Four-Door Car,486,288645.16
WP41146,California,F,High School or Below,534143.88,0,72,1,Personal Auto,Four-Door Car,345,534143.88
TK60799,Arizona,F,High School or Below,416001.81,96263,103,0,Personal Auto,SUV,1,416001.81
DN29808,California,F,College,284624.54,28919,72,0,Corporate Auto,Four-Door Car,518,284624.54
SS59521,Oregon,F,College,477025.66,0,68,1,Personal Auto,Two-Door Car,326,477025.66
NG66579,Oregon,M,Bachelor,505961.62,41869,64,0,Personal Auto,Two-Door Car,262,505961.62
TC14209,Arizona,F,High School or Below,909574.46,0,128,0,Personal Auto,SUV,921,909574.46
ED50963,California,F,High School or Below,268886.40,32808,68,1,Personal Auto,Four-Door Car,541,268886.40
GP40701,California,F,Bachelor,827763.76,79780,68,0,Personal Auto,Four-Door Car,326,827763.76
CP98451,Oregon,F,College,905793.53,91025,112,0,Personal Auto,SUV,327,905793.53
NX52648,California,F,High School or Below,380175.04,33043,95,0,Personal Auto,Two-Door Car,456,380175.04
ZC32510,Arizona,M,High School or Below,933934.16,69442,118,3,Personal Auto,Four-Door Car,1265,933934.16
NG27780,Oregon,M,College,252012.32,0,70,0,Corporate Auto,Four-Door Car,63,252012.32
HN95240,Arizona,F,College,498409.53,0,70,0,Corporate Auto,Four-Door Car,336,498409.53
EB59129,Oregon,F,Bachelor,259574.80,47234,65,0,Personal Auto,Four-Door Car,15,259574.80
RA70851,Oregon,M,High School or Below,743769.33,86863,92,0,Personal Auto,Four-Door Car,441,743769.33
PM19162,Oregon,M,Bachelor,1453678.76,25805,66,2,Personal Auto,Four-Door Car,375,1453678.76
MS59005,Nevada,M,Bachelor,591330.59,43676,76,0,Personal Auto,Four-Door Car,364,591330.59
SU71163,Arizona,M,College,277166.30,59855,74,4,Personal Auto,Two-Door Car,355,277166.30
BD35676,Arizona,M,Master,2919436.64,35296,126,0,Personal Auto,SUV,452,2919436.64
NI44621,Oregon,F,Master,988038.58,36576,125,1,Personal Auto,SUV,113,988038.58
EW33419,California,F,High School or Below,1511440.24,28513,100,1,Corporate Auto,SUV,480,1511440.24
HX44948,Oregon,M,Bachelor,575991.08,85448,72,0,Special Auto,Four-Door Car,16,575991.08
DL36983,Oregon,F,High School or Below,849516.42,23791,110,3,Personal Auto,Two-Door Car,615,849516.42
XR87264,California,F,Bachelor,438118.42,20597,112,0,Personal Auto,Four-Door Car,615,438118.42
NN99001,Arizona,F,College,699782.74,56940,87,0,Personal Auto,Four-Door Car,512,699782.74
XV95530,Oregon,M,Bachelor,1143058.85,93210,71,0,Personal Auto,Two-Door Car,74,1143058.85
OL97871,Oregon,F,Bachelor,748248.61,48992,94,1,Personal Auto,Four-Door Car,426,748248.61
HQ23708,Arizona,F,Master,859691.66,53736,71,0,Personal Auto,Two-Door Car,169,859691.66
WR63188,Arizona,M,College,785496.08,25378,66,1,Personal Auto,Four-Door Car,419,785496.08
NG82219,Oregon,F,Bachelor,258240.85,76731,64,0,Personal Auto,Four-Door Car,201,258240.85
KU29408,Washington,M,Master,907576.82,37722,116,0,Corporate Auto,Luxury,158,907576.82
RE46783,California,F,Bachelor,411858.86,69379,103,0,Personal Auto,Two-Door Car,494,411858.86
RU94434,Oregon,M,High School or Below,1215732.99,57449,103,0,Personal Auto,Four-Door Car,494,1215732.99
GI82355,Arizona,M,Bachelor,515281.96,0,68,0,Corporate Auto,Four-Door Car,326,515281.96
VO26340,Nevada,M,College,651297.65,0,93,0,Personal Auto,Two-Door Car,669,651297.65
NV61299,Arizona,F,Bachelor,2778969.24,33806,89,0,Corporate Auto,Four-Door Car,395,2778969.24
DX31066,Washington,F,College,266727.00,94041,66,0,Personal Auto,Four-Door Car,159,266727.00
CY50337,Oregon,F,College,1092840.71,74965,90,0,Personal Auto,Four-Door Car,58,1092840.71
TJ20375,Arizona,F,High School or Below,761538.13,34095,63,0,Personal Auto,Two-Door Car,302,761538.13
EP72155,California,F,College,200435.07,0,66,4,Personal Auto,Four-Door Car,316,200435.07
JJ76159,California,M,College,243468.12,96045,61,0,Corporate Auto,Four-Door Car,8,243468.12
BG15419,Nevada,F,Bachelor,1419536.03,86355,118,0,Personal Auto,Luxury,285,1419536.03
AO74776,California,F,High School or Below,942768.49,27824,118,0,Personal Auto,SUV,566,942768.49
HQ82233,California,M,High School or Below,1198242.09,42995,101,0,Personal Auto,SUV,410,1198242.09
OL72737,Oregon,F,High School or Below,310278.95,21235,79,0,Personal Auto,Two-Door Car,244,310278.95
ZQ59828,California,M,High School or Below,422263.12,74585,106,0,Personal Auto,SUV,218,422263.12
NZ15548,Oregon,M,Bachelor,402381.44,41833,103,0,Personal Auto,Four-Door Car,643,402381.44
XK61304,California,F,College,529715.18,23908,70,0,Personal Auto,Four-Door Car,336,529715.18
EJ44139,Oregon,M,Bachelor,2142363.72,0,65,0,Personal Auto,Two-Door Car,312,2142363.72
CM94425,Arizona,M,Bachelor,441620.62,61953,113,0,Personal Auto,SUV,497,441620.62
OV54878,California,M,Bachelor,463903.52,0,142,0,Corporate Auto,SUV,1022,463903.52
JF57282,Nevada,M,Bachelor,486354.46,0,137,0,Personal Auto,SUV,657,486354.46
MY37953,Arizona,F,Bachelor,2583090.98,73760,107,1,Personal Auto,Luxury,230,2583090.98
XP64922,Oregon,F,College,297431.49,23333,74,0,Corporate Auto,Four-Door Car,5,297431.49
WL65572,California,M,College,206445.88,0,61,0,Personal Auto,Four-Door Car,292,206445.88
LN50325,Arizona,F,High School or Below,1006460.83,20440,128,2,Corporate Auto,Luxury,614,1006460.83
HJ15383,Washington,M,Master,803240.19,27658,68,0,Personal Auto,Four-Door Car,160,803240.19
KH59823,California,M,College,548921.41,50943,139,0,Special Auto,SUV,667,548921.41
YM79169,California,M,Bachelor,261275.67,19003,71,0,Personal Auto,Two-Door Car,34,261275.67
DR38127,California,M,College,857346.39,46703,108,0,Personal Auto,Four-Door Car,678,857346.39
PU42145,California,M,Bachelor,2412750.40,14072,71,0,Personal Auto,Four-Door Car,511,2412750.40
KM33477,Oregon,M,College,855038.66,21733,73,0,Corporate Auto,Four-Door Car,525,855038.66
RI53167,Arizona,M,Bachelor,230864.80,20811,61,0,Personal Auto,Four-Door Car,292,230864.80
OF77789,Arizona,F,High School or Below,425462.07,11904,61,2,Personal Auto,Two-Door Car,292,425462.07
YB33445,Oregon,F,College,898285.04,43490,114,4,Corporate Auto,SUV,174,898285.04
BA17836,California,M,High School or Below,786816.60,57340,67,0,Corporate Auto,Four-Door Car,159,786816.60
JS43228,California,M,College,770424.87,49088,97,0,Corporate Auto,Four-Door Car,698,770424.87
BB11622,Nevada,M,Master,1055217.00,47761,131,0,Personal Auto,SUV,232,1055217.00
HQ70429,Washington,F,College,1604510.95,0,65,0,Personal Auto,Two-Door Car,163,1604510.95
WK88044,Arizona,M,Bachelor,873783.75,61281,110,0,Personal Auto,SUV,79,873783.75
LA80525,Nevada,M,Bachelor,545489.07,0,82,1,Corporate Auto,Two-Door Car,393,545489.07
EH16250,Arizona,M,Bachelor,770528.33,25290,66,0,Personal Auto,Four-Door Car,382,770528.33
PU41872,Arizona,F,High School or Below,703926.24,24239,88,0,Personal Auto,Four-Door Car,48,703926.24
HB85743,California,M,Bachelor,883808.56,82664,114,3,Personal Auto,SUV,133,883808.56
MM71959,Arizona,M,Bachelor,873352.73,83210,110,0,Personal Auto,Luxury,528,873352.73
MB83663,Oregon,F,Bachelor,959747.48,38736,81,0,Personal Auto,Two-Door Car,561,959747.48
KR43119,California,M,College,450666.02,0,66,0,Personal Auto,Four-Door Car,316,450666.02
KH24214,Oregon,M,College,1785797.23,55437,64,1,Personal Auto,Four-Door Car,445,1785797.23
AC40767,Washington,M,Bachelor,249780.82,68041,6464,0,Personal Auto,Two-Door Car,165,249780.82
HP55391,Oregon,M,Master,542613.62,0,71,0,Corporate Auto,Four-Door Car,407,542613.62
EG62398,California,F,High School or Below,799814.38,29066,100,0,Personal Auto,SUV,844,799814.38
VS19949,Nevada,M,Bachelor,289762.07,54337,72,0,Personal Auto,Four-Door Car,345,289762.07
AM92343,Oregon,F,High School or Below,1159950.22,67616,96,0,Personal Auto,Four-Door Car,340,1159950.22
GI68556,California,F,Bachelor,1514793.06,41082,63,0,Personal Auto,Two-Door Car,106,1514793.06
JT11876,Washington,F,High School or Below,543576.78,0,10202,0,Personal Auto,Four-Door Car,626,543576.78
XR64251,Nevada,F,Master,272535.64,36650,69,1,Personal Auto,Four-Door Car,56,272535.64
MK34957,Oregon,F,College,1329771.23,50631,112,4,Special Auto,SUV,784,1329771.23
GP18756,California,M,College,992704.97,19592,92,0,Personal Auto,Four-Door Car,441,992704.97
AP23850,Washington,F,High School or Below,1777154.90,0,114,0,Personal Auto,Two-Door Car,547,1777154.90
KQ65521,Arizona,F,College,1826927.02,55761,115,0,Personal Auto,Luxury,86,1826927.02
EJ19449,California,F,College,272221.07,17576,71,0,Special Auto,Four-Door Car,398,272221.07
QB70027,California,F,Bachelor,708321.24,41449,89,0,Personal Auto,Four-Door Car,63,708321.24
QW47320,California,F,Bachelor,1017971.70,14290,271,0,Personal Auto,Luxury,1300,1017971.70
KH64733,Nevada,F,College,588950.91,62007,73,0,Personal Auto,Four-Door Car,120,588950.91
ON59472,Arizona,M,High School or Below,1577139.34,21921,206,0,Corporate Auto,Luxury,1254,1577139.34
HP94242,Arizona,F,Bachelor,528817.33,42621,66,0,Personal Auto,Four-Door Car,316,528817.33
RV15398,Oregon,M,College,2758055.40,0,87,1,Personal Auto,Four-Door Car,417,2758055.40
EA25683,Washington,M,High School or Below,777853.23,63786,196,0,Corporate Auto,Luxury,798,777853.23
PW73754,California,F,High School or Below,734186.13,0,104,3,Personal Auto,Luxury,82,734186.13
MC71942,California,F,High School or Below,791919.70,82877,99,1,Personal Auto,Two-Door Car,22,791919.70
OX72195,Arizona,M,College,216387.02,0,63,0,Corporate Auto,Two-Door Car,302,216387.02
YQ99152,Nevada,M,High School or Below,978780.88,10475,88,1,Personal Auto,Two-Door Car,422,978780.88
KI19439,Oregon,F,High School or Below,520764.08,21952,66,0,Personal Auto,Four-Door Car,316,520764.08
PM76175,Oregon,F,Bachelor,2114727.72,49721,132,0,Corporate Auto,Luxury,639,2114727.72
US45383,California,M,College,1228076.66,88340,102,0,Personal Auto,Two-Door Car,489,1228076.66
GT38956,California,F,College,244139.42,0,65,0,Personal Auto,Four-Door Car,312,244139.42
SN41301,Oregon,M,Bachelor,653556.06,0,65,0,Corporate Auto,Four-Door Car,468,653556.06
BE62503,Washington,F,College,920659.83,24589,82,0,Personal Auto,Two-Door Car,511,920659.83
PA16884,California,F,Bachelor,411858.86,69379,103,0,Personal Auto,Two-Door Car,494,411858.86
NC58480,Nevada,F,Bachelor,483820.90,73769,61,2,Personal Auto,Four-Door Car,239,483820.90
NS39326,California,F,College,462554.81,66670,114,0,Personal Auto,SUV,518,462554.81
PN18507,Arizona,M,Bachelor,1404210.30,88854,118,0,Personal Auto,Two-Door Car,715,1404210.30
EK91340,Oregon,M,Bachelor,754661.35,31266,193,0,Corporate Auto,Luxury,926,754661.35
JY16280,California,F,High School or Below,251459.20,43860,65,0,Personal Auto,Four-Door Car,156,251459.20
ZW71731,California,M,Bachelor,517035.84,89284,133,2,Corporate Auto,SUV,402,517035.84
ZC24631,Oregon,M,College,1391737.72,67267,89,0,Corporate Auto,Four-Door Car,94,1391737.72
YR34689,California,F,High School or Below,1131813.08,79270,95,3,Personal Auto,Four-Door Car,456,1131813.08
RT65829,Oregon,M,Bachelor,427636.36,36692,109,1,Personal Auto,Four-Door Car,523,427636.36
BZ12077,Oregon,F,High School or Below,432224.03,0,119,0,Personal Auto,SUV,571,432224.03
WM65373,California,F,College,800230.83,0,107,0,Corporate Auto,SUV,513,800230.83
NH35059,Nevada,M,College,388545.64,0,105,0,Corporate Auto,Four-Door Car,504,388545.64
QD38160,Oregon,M,College,447177.82,0,135,0,Personal Auto,SUV,972,447177.82
BM15160,California,F,High School or Below,849635.28,44624,71,1,Special Auto,Four-Door Car,73,849635.28
VY79030,Arizona,F,College,2250088.35,0,71,0,Corporate Auto,Four-Door Car,340,2250088.35
EV19512,Nevada,F,Master,1630196.76,19614,85,0,Personal Auto,Two-Door Car,574,1630196.76
TE13577,Oregon,F,College,231973.59,0,64,0,Personal Auto,Four-Door Car,632,231973.59
WY97929,Arizona,M,College,871704.98,83846,74,3,Special Auto,Four-Door Car,355,871704.98
YG20683,Washington,M,College,286011.17,51159,72,0,Personal Auto,Four-Door Car,4,286011.17
FK75497,California,M,College,245340.83,83772,62,0,Personal Auto,Two-Door Car,42,245340.83
NE60110,Arizona,M,College,598977.39,66839,154,0,Personal Auto,Luxury,739,598977.39
TN36521,Arizona,F,College,2498022.55,88440,70,0,Personal Auto,Two-Door Car,27,2498022.55
HG33568,Arizona,F,Master,748263.95,25666,63,2,Personal Auto,Four-Door Car,270,748263.95
TW17878,Oregon,F,High School or Below,245757.60,52926,61,0,Personal Auto,Four-Door Car,292,245757.60
ZO83562,Nevada,F,Bachelor,237974.12,0,67,0,Personal Auto,Four-Door Car,494,237974.12
CH97539,Washington,F,Bachelor,828696.44,40001,70,0,Personal Auto,Four-Door Car,142,828696.44
CV29889,California,M,College,239391.54,0,70,0,Personal Auto,Four-Door Car,425,239391.54
MO33320,Oregon,M,College,465715.95,18024,65,0,Personal Auto,Two-Door Car,312,465715.95
QZ81258,Oregon,F,College,1319792.89,0,68,3,Personal Auto,Four-Door Car,326,1319792.89
NY56352,Oregon,F,Bachelor,280391.67,23220,74,0,Personal Auto,Four-Door Car,251,280391.67
EA27048,California,F,High School or Below,864650.41,64125,108,0,Personal Auto,SUV,369,864650.41
UT38865,Oregon,F,College,742587.06,58042,62,0,Corporate Auto,Four-Door Car,161,742587.06
QC89139,Oregon,F,High School or Below,452873.74,90034,112,0,Corporate Auto,SUV,537,452873.74
LA14484,Nevada,M,High School or Below,222707.28,27972,61,0,Special Auto,Four-Door Car,292,222707.28
HN57556,California,F,High School or Below,729294.88,0,65,0,Personal Auto,Four-Door Car,312,729294.88
CV31235,Arizona,M,Bachelor,318435.52,50989,80,0,Corporate Auto,Four-Door Car,255,318435.52
WR45726,Arizona,F,Bachelor,1131520.37,11885,101,0,Special Auto,Four-Door Car,484,1131520.37
LB25094,California,F,Bachelor,253070.51,89451,63,0,Special Auto,Four-Door Car,61,253070.51
KW56110,Oregon,M,Bachelor,1836155.53,0,182,0,Personal Auto,Luxury,1310,1836155.53
XO36233,Washington,M,Bachelor,864153.00,78904,109,0,Personal Auto,SUV,250,864153.00
ZX86243,Arizona,M,Doctor,327853.19,70247,83,1,Personal Auto,Four-Door Car,141,327853.19
DW29763,Arizona,M,High School or Below,527198.21,32653,67,0,Personal Auto,Two-Door Car,321,527198.21
CT83377,Washington,M,High School or Below,376363.77,93595,97,4,Special Auto,Four-Door Car,49,376363.77
OQ90898,California,M,Master,1395556.96,90279,115,0,Personal Auto,SUV,372,1395556.96
GO77248,Oregon,F,College,500152.75,0,72,0,Personal Auto,Four-Door Car,542,500152.75
QW33258,California,M,Bachelor,708283.04,53310,189,3,Personal Auto,Luxury,1360,708283.04
OU79745,California,M,College,761948.28,0,105,0,Personal Auto,Four-Door Car,504,761948.28
VZ79886,Oregon,F,Bachelor,1255088.20,22234,160,0,Personal Auto,SUV,768,1255088.20
FI92440,Washington,F,High School or Below,3219660.04,91375,99,0,Personal Auto,Two-Door Car,72,3219660.04
YG85980,Nevada,F,High School or Below,679377.41,22250,86,0,Personal Auto,Two-Door Car,720,679377.41
QM74621,Oregon,M,Bachelor,527231.97,0,80,0,Personal Auto,Four-Door Car,576,527231.97
EI71732,Oregon,F,Doctor,626534.33,0,84,1,Personal Auto,Four-Door Car,481,626534.33
VN79010,California,F,High School or Below,854758.61,51179,71,0,Corporate Auto,Four-Door Car,466,854758.61
FI61723,California,M,Bachelor,278742.37,38667,72,0,Personal Auto,Four-Door Car,159,278742.37
OH55411,California,F,Master,462680.11,79487,114,0,Corporate Auto,SUV,547,462680.11
TF10720,Nevada,F,Doctor,866336.40,67763,107,2,Personal Auto,Four-Door Car,41,866336.40
NW30838,Nevada,M,High School or Below,387222.22,0,62,2,Corporate Auto,Four-Door Car,503,387222.22
CB58476,Oregon,F,College,517081.15,0,71,0,Corporate Auto,Four-Door Car,859,517081.15
WI69346,California,F,Master,896028.02,71943,112,0,Corporate Auto,SUV,305,896028.02
FS76657,Oregon,F,College,547183.43,53526,68,0,Personal Auto,Four-Door Car,278,547183.43
YX89016,Oregon,M,College,3493100.17,35005,295,0,Personal Auto,Luxury,1416,3493100.17
PK28821,California,M,College,262039.23,24721,67,0,Personal Auto,Four-Door Car,139,262039.23
MB51200,Washington,M,College,1906949.95,0,102,2,Personal Auto,Four-Door Car,734,1906949.95
XG44587,Arizona,M,Master,575744.23,88997,72,0,Personal Auto,Four-Door Car,174,575744.23
FG91922,Arizona,M,Master,4022401.36,48587,111,0,Personal Auto,SUV,532,4022401.36
OM99303,Arizona,F,High School or Below,270148.83,76310,67,0,Personal Auto,Two-Door Car,321,270148.83
RV67546,California,M,Bachelor,371243.05,73205,92,0,Personal Auto,Four-Door Car,37,371243.05
UJ79253,Oregon,F,College,2185084.00,51056,78,0,Personal Auto,Four-Door Car,95,2185084.00
PN98247,California,M,College,784016.58,58414,210,2,Personal Auto,Luxury,1008,784016.58
IB67546,California,F,Bachelor,823703.79,23940,107,0,Personal Auto,SUV,513,823703.79
OE19087,California,F,High School or Below,224347.39,0,62,0,Personal Auto,Four-Door Car,446,224347.39
CM95716,California,M,Bachelor,843446.41,44216,71,0,Personal Auto,Four-Door Car,72,843446.41
MW62634,California,M,High School or Below,222707.28,27972,61,0,Corporate Auto,Four-Door Car,292,222707.28
QW67581,Arizona,F,High School or Below,517002.60,0,69,0,Personal Auto,Four-Door Car,331,517002.60
SN16059,California,F,Master,264144.61,29305,66,0,Personal Auto,Four-Door Car,475,264144.61
OE51254,California,F,College,279068.30,53882,69,0,Personal Auto,Four-Door Car,331,279068.30
RM42344,Oregon,M,College,274512.98,91757,69,1,Personal Auto,Four-Door Car,331,274512.98
GB35238,California,F,Bachelor,757953.27,33906,64,0,Personal Auto,Two-Door Car,401,757953.27
ML82674,Oregon,M,Bachelor,1097878.03,68158,139,1,Personal Auto,SUV,253,1097878.03
EI85244,California,M,College,825506.01,0,134,3,Personal Auto,SUV,643,825506.01
DE28132,Oregon,M,College,474773.46,42165,123,0,Corporate Auto,SUV,799,474773.46
TV25678,Washington,M,College,354090.43,0,101,0,Personal Auto,SUV,727,354090.43
TY26512,California,M,Doctor,343613.43,30817,88,0,Personal Auto,Four-Door Car,91,343613.43
OB69153,California,M,Bachelor,258218.53,68074,65,0,Personal Auto,Four-Door Car,27,258218.53
QZ77637,Washington,F,College,1166509.78,84978,35353,1,Corporate Auto,Four-Door Car,166,1166509.78
XN41715,California,F,Master,739628.37,71135,92,1,Personal Auto,Four-Door Car,270,739628.37
QR15857,California,F,College,433079.98,0,61,0,Personal Auto,Two-Door Car,292,433079.98
FL69363,Oregon,M,Master,907576.82,37722,116,0,Personal Auto,Luxury,158,907576.82
IS30295,Arizona,F,Bachelor,1463545.16,0,139,0,Personal Auto,SUV,667,1463545.16
WA25797,Washington,M,High School or Below,856476.82,95697,107,0,Personal Auto,Luxury,178,856476.82
NL59519,California,F,College,1156568.75,64642,96,0,Personal Auto,Four-Door Car,404,1156568.75
ZU93025,Oregon,F,College,277104.50,50071,71,0,Personal Auto,Two-Door Car,18,277104.50
DK94262,Oregon,M,High School or Below,850712.88,46754,106,1,Personal Auto,SUV,513,850712.88
UQ30615,California,M,College,758211.38,64801,64,0,Corporate Auto,Four-Door Car,268,758211.38
OR40060,Arizona,M,Bachelor,332309.25,70410,83,0,Personal Auto,Four-Door Car,131,332309.25
DK32872,Nevada,F,High School or Below,523433.17,66957,131,1,Personal Auto,SUV,628,523433.17
FA46418,Nevada,F,High School or Below,2470959.96,24213,78,1,Personal Auto,Four-Door Car,374,2470959.96
ER19995,Washington,F,College,1778627.78,99790,6464,0,Personal Auto,Four-Door Car,178,1778627.78
KI75855,Oregon,M,Master,255122.67,79751,63,0,Personal Auto,Two-Door Car,392,255122.67
ND41876,Arizona,M,High School or Below,724771.37,86122,182,1,Personal Auto,Luxury,873,724771.37
PN21042,Arizona,M,Bachelor,453884.78,82297,116,0,Personal Auto,Luxury,0,453884.78
GJ43254,Washington,M,College,3164210.46,89057,98,0,Corporate Auto,Two-Door Car,187,3164210.46
AL46984,California,M,High School or Below,873042.20,43259,73,0,Personal Auto,Four-Door Car,350,873042.20
JP58047,Oregon,M,College,833273.06,0,79,0,Personal Auto,Four-Door Car,379,833273.06
ZE85014,California,M,College,235774.70,25064,62,0,Personal Auto,Four-Door Car,297,235774.70
KU88219,Arizona,M,Master,463716.40,25816,119,0,Personal Auto,Luxury,571,463716.40
UU98729,California,M,Bachelor,535719.27,0,73,0,Personal Auto,Four-Door Car,350,535719.27
WS82822,Oregon,F,College,539197.10,41662,69,0,Corporate Auto,Four-Door Car,217,539197.10
YB49933,Arizona,M,Bachelor,369414.05,96170,92,0,Personal Auto,Four-Door Car,441,369414.05
XC16387,Arizona,F,High School or Below,504041.24,46072,64,0,Personal Auto,Four-Door Car,25,504041.24
XJ96748,Arizona,F,High School or Below,2749542.19,37931,99,0,Personal Auto,Four-Door Car,475,2749542.19
TM98684,Oregon,M,High School or Below,484228.50,35127,62,0,Personal Auto,Four-Door Car,297,484228.50
AY18433,Washington,F,High School or Below,2738281.89,45473,76,0,Special Auto,Two-Door Car,188,2738281.89
DM74502,Nevada,F,College,522710.19,93087,131,3,Corporate Auto,Luxury,628,522710.19
FT56968,Arizona,M,High School or Below,259009.60,22398,67,2,Personal Auto,Four-Door Car,321,259009.60
OX36896,California,M,High School or Below,1053607.80,92983,87,1,Corporate Auto,Four-Door Car,153,1053607.80
BZ65376,Arizona,M,Bachelor,858127.87,27689,239,2,Personal Auto,Luxury,2893,858127.87
LN34660,California,F,College,946311.33,69654,118,0,Corporate Auto,SUV,629,946311.33
JC29295,California,F,Bachelor,1344100.64,80744,111,0,Personal Auto,SUV,361,1344100.64
KJ87930,California,F,Bachelor,388650.48,0,112,0,Corporate Auto,SUV,1185,388650.48
XT36360,Arizona,F,High School or Below,678489.37,0,64,1,Personal Auto,Four-Door Car,460,678489.37
IX35050,Arizona,M,Bachelor,2359468.02,76358,66,0,Special Auto,Four-Door Car,86,2359468.02
UN97379,Oregon,M,Bachelor,253862.63,18608,71,0,Corporate Auto,Four-Door Car,340,253862.63
MR57294,California,M,High School or Below,563994.20,73168,70,0,Personal Auto,Four-Door Car,425,563994.20
UG79499,Washington,M,Bachelor,1168137.43,70930,99,0,Personal Auto,Four-Door Car,190,1168137.43
UA50747,Washington,F,High School or Below,2599775.00,62262,72,0,Corporate Auto,Four-Door Car,193,2599775.00
GL20444,Nevada,F,Master,1377836.93,91474,113,0,Corporate Auto,Two-Door Car,24,1377836.93
SP58110,California,F,Bachelor,492318.17,61469,63,5,Personal Auto,Four-Door Car,302,492318.17
XM91635,Arizona,F,High School or Below,227233.54,16618,62,0,Special Auto,Four-Door Car,219,227233.54
TV82603,California,F,Bachelor,1489539.80,48081,188,0,Personal Auto,Luxury,881,1489539.80
BB82067,Oregon,M,Doctor,975604.50,67632,121,0,Personal Auto,Luxury,26,975604.50
JP94676,Oregon,F,Bachelor,942297.41,34115,119,0,Personal Auto,SUV,466,942297.41
VU53417,Arizona,M,High School or Below,383735.76,23051,99,0,Personal Auto,Two-Door Car,475,383735.76
IW54795,California,M,College,1095213.19,23748,99,0,Personal Auto,Four-Door Car,607,1095213.19
RN78170,Arizona,F,College,815913.66,40589,69,0,Corporate Auto,Four-Door Car,331,815913.66
IX55883,California,F,College,1948049.98,50809,83,0,Personal Auto,Four-Door Car,290,1948049.98
XM72420,Arizona,F,High School or Below,391936.67,66676,97,0,Personal Auto,Four-Door Car,558,391936.67
GC15104,Nevada,F,Bachelor,798514.21,52339,70,3,Corporate Auto,Four-Door Car,336,798514.21
RX13282,Oregon,M,Bachelor,1216874.49,14973,115,0,Personal Auto,SUV,828,1216874.49
QA85890,Arizona,F,High School or Below,584932.15,0,83,0,Corporate Auto,Four-Door Car,540,584932.15
IR62668,Arizona,F,Bachelor,508583.66,31546,65,0,Personal Auto,Four-Door Car,100,508583.66
AL96740,California,F,College,290393.98,67763,73,1,Personal Auto,Four-Door Car,59,290393.98
SS48498,Washington,F,College,627317.34,20836,79,0,Corporate Auto,Four-Door Car,193,627317.34
PE39479,Washington,M,College,1832141.90,88592,76,0,Corporate Auto,Four-Door Car,199,1832141.90
JH62891,Oregon,F,College,517870.42,66943,65,1,Special Auto,Four-Door Car,53,517870.42
FI20423,Arizona,F,High School or Below,1402435.84,81872,115,0,Special Auto,Four-Door Car,256,1402435.84
PM13394,Washington,F,College,530943.59,22404,70,1,Personal Auto,Four-Door Car,211,530943.59
YV67971,California,F,High School or Below,494980.38,21342,62,0,Personal Auto,Four-Door Car,74,494980.38
QD31377,California,M,Bachelor,859566.53,34621,108,1,Corporate Auto,SUV,621,859566.53
YG10247,Oregon,M,College,2295189.20,62396,64,0,Personal Auto,Four-Door Car,307,2295189.20
FE73696,Oregon,M,High School or Below,379213.03,97212,93,0,Personal Auto,Two-Door Car,360,379213.03
SW19699,Arizona,F,Bachelor,275574.80,49648,70,0,Personal Auto,Four-Door Car,65,275574.80
QJ40732,Arizona,M,College,488033.96,97984,61,1,Personal Auto,Four-Door Car,407,488033.96
HM76207,California,F,College,905190.53,26308,114,0,Corporate Auto,SUV,547,905190.53
NT59303,Oregon,F,College,1011544.62,63528,256,0,Personal Auto,Luxury,1228,1011544.62
PU41393,Nevada,M,College,826907.54,20225,114,1,Special Auto,SUV,547,826907.54
QO86948,Nevada,M,High School or Below,807165.30,0,112,0,Personal Auto,SUV,806,807165.30
QN10888,Oregon,F,High School or Below,772699.36,87620,64,0,Personal Auto,Four-Door Car,24,772699.36
VY19543,California,F,Bachelor,831113.59,0,72,0,Corporate Auto,Four-Door Car,311,831113.59
XC15133,Nevada,F,Master,257402.04,34990,65,0,Personal Auto,Four-Door Car,42,257402.04
ST43550,Oregon,M,Bachelor,572732.71,99934,71,0,Special Auto,Four-Door Car,460,572732.71
FX36546,Washington,M,Master,367914.21,60804,92,0,Personal Auto,Four-Door Car,213,367914.21
JX68983,Oregon,M,Bachelor,274451.96,94648,69,0,Personal Auto,Four-Door Car,331,274451.96
HX78576,California,F,High School or Below,563674.03,24516,71,0,Personal Auto,Four-Door Car,300,563674.03
ZQ11381,Arizona,M,Bachelor,1687038.82,61063,85,0,Personal Auto,Four-Door Car,262,1687038.82
ON39271,California,M,Master,273800.20,0,74,0,Personal Auto,Two-Door Car,263,273800.20
SB18278,Oregon,M,Bachelor,464470.05,0,64,0,Corporate Auto,Four-Door Car,307,464470.05
ZT30559,California,F,High School or Below,474668.65,15169,63,0,Personal Auto,Four-Door Car,302,474668.65
XI41106,Arizona,M,College,1687432.82,55390,71,0,Corporate Auto,Two-Door Car,256,1687432.82
ZS88847,Oregon,F,Bachelor,238760.61,27592,62,0,Personal Auto,Four-Door Car,297,238760.61
RU49126,Washington,F,College,446533.57,61846,112,0,Personal Auto,SUV,215,446533.57
KR62797,Arizona,F,High School or Below,459162.59,83297,113,0,Personal Auto,SUV,542,459162.59
ZJ73220,Arizona,F,College,1309258.58,0,188,0,Special Auto,Luxury,1353,1309258.58
FY62633,Oregon,M,Bachelor,911226.66,0,90,0,Personal Auto,Four-Door Car,432,911226.66
CU36986,California,F,High School or Below,416516.66,55897,104,0,Personal Auto,Four-Door Car,499,416516.66
WZ53904,Arizona,M,Bachelor,265998.06,21297,71,0,Personal Auto,Four-Door Car,45,265998.06
AA71604,Arizona,F,Master,1198659.21,87560,98,1,Personal Auto,Two-Door Car,470,1198659.21
TD10493,Oregon,F,High School or Below,289873.27,0,96,4,Personal Auto,Four-Door Car,691,289873.27
LY97989,Oregon,F,Bachelor,289424.39,0,85,0,Personal Auto,Four-Door Car,408,289424.39
VX39856,Arizona,F,Doctor,350045.44,89398,86,0,Personal Auto,Four-Door Car,82,350045.44
TP51897,California,F,College,262180.86,36843,68,3,Corporate Auto,Four-Door Car,357,262180.86
QQ89253,Oregon,F,College,1022180.50,0,134,0,Personal Auto,SUV,643,1022180.50
EI91403,California,M,High School or Below,257827.10,34946,65,0,Personal Auto,Two-Door Car,420,257827.10
QG15435,Arizona,F,College,624259.57,75680,78,0,Personal Auto,Four-Door Car,136,624259.57
FZ55002,Nevada,F,Doctor,522028.10,0,69,0,Personal Auto,Four-Door Car,331,522028.10
HX77930,Washington,F,College,313643.21,49532,79,1,Personal Auto,Four-Door Car,220,313643.21
UN37063,Arizona,M,Bachelor,452536.58,10269,65,0,Personal Auto,Two-Door Car,170,452536.58
VB87946,California,M,College,497035.73,49714,63,3,Personal Auto,Four-Door Car,266,497035.73
AB60627,California,M,High School or Below,1546778.90,77517,129,0,Corporate Auto,SUV,98,1546778.90
TA34903,Oregon,M,High School or Below,583889.92,81082,73,0,Personal Auto,Four-Door Car,281,583889.92
AQ51368,Oregon,F,Bachelor,1065688.20,72540,88,0,Corporate Auto,Two-Door Car,631,1065688.20
NZ26102,Oregon,F,High School or Below,228961.87,0,65,0,Personal Auto,Four-Door Car,468,228961.87
GB45753,California,M,High School or Below,543980.42,61546,68,0,Corporate Auto,Two-Door Car,29,543980.42
BV79904,California,F,Master,795615.01,44818,67,1,Personal Auto,Two-Door Car,136,795615.01
OB49075,Arizona,M,Bachelor,445811.34,17622,65,1,Personal Auto,Four-Door Car,312,445811.34
DS97676,Oregon,F,College,255505.15,0,72,0,Personal Auto,Four-Door Car,518,255505.15
JO63462,California,M,Bachelor,330799.90,79797,84,0,Corporate Auto,Two-Door Car,31,330799.90
NJ10602,Washington,F,College,845905.32,92717,70,0,Personal Auto,Two-Door Car,224,845905.32
RS24501,Oregon,F,College,1335012.09,28919,173,0,Personal Auto,SUV,830,1335012.09
VT78274,Arizona,M,College,493122.13,0,68,0,Personal Auto,Four-Door Car,480,493122.13
SU56153,Nevada,M,Bachelor,777683.52,63568,65,0,Corporate Auto,Two-Door Car,390,777683.52
MN20737,Nevada,F,College,255367.22,73935,64,1,Corporate Auto,Four-Door Car,72,255367.22
KL43114,Arizona,F,High School or Below,487646.97,0,66,0,Corporate Auto,Two-Door Car,316,487646.97
YQ15567,Oregon,F,Bachelor,903430.58,18846,115,0,Personal Auto,SUV,552,903430.58
TR88637,Arizona,F,High School or Below,810591.08,38893,103,0,Personal Auto,SUV,41,810591.08
TC88986,Oregon,M,High School or Below,561968.91,0,153,0,Special Auto,SUV,1027,561968.91
XX88577,California,M,Bachelor,1572713.06,84824,196,0,Corporate Auto,SUV,319,1572713.06
NE49052,California,F,High School or Below,661801.64,20068,86,0,Corporate Auto,Four-Door Car,411,661801.64
KX17826,Oregon,M,Doctor,467004.80,0,125,0,Corporate Auto,SUV,600,467004.80
CC91503,Arizona,F,High School or Below,1016936.98,0,135,0,Personal Auto,Luxury,648,1016936.98
WH32183,California,M,Bachelor,832307.40,97245,70,0,Personal Auto,Four-Door Car,4,832307.40
ES90681,California,F,College,241776.00,51808,61,1,Personal Auto,Four-Door Car,351,241776.00
DW96592,California,M,Bachelor,804487.24,71391,67,0,Personal Auto,Four-Door Car,284,804487.24
MT23134,Oregon,M,High School or Below,532572.45,0,73,0,Personal Auto,Two-Door Car,496,532572.45
BM69081,Arizona,M,Bachelor,694752.40,0,100,0,Personal Auto,SUV,925,694752.40
MB90871,Oregon,F,College,584741.52,23496,77,0,Special Auto,Four-Door Car,13,584741.52
GT62080,Washington,M,High School or Below,251459.20,55561,63,0,Personal Auto,Four-Door Car,227,251459.20
QL77686,Nevada,F,College,472478.61,23986,119,0,Corporate Auto,SUV,463,472478.61
ON77827,Arizona,F,Master,279022.80,22974,71,0,Personal Auto,Four-Door Car,180,279022.80
KP18988,Oregon,F,High School or Below,2153133.28,0,101,0,Personal Auto,Four-Door Car,484,2153133.28
TI92884,Arizona,M,Bachelor,1262283.27,61844,106,0,Personal Auto,Luxury,508,1262283.27
JH73503,Arizona,M,Doctor,2017196.15,24804,73,0,Personal Auto,Two-Door Car,350,2017196.15
YE97964,California,F,Bachelor,1646436.59,27760,104,0,Personal Auto,SUV,302,1646436.59
VA30351,Oregon,F,High School or Below,559538.99,74454,71,0,Personal Auto,Four-Door Car,340,559538.99
PV55726,Oregon,F,Master,417068.73,29462,107,1,Personal Auto,SUV,513,417068.73
UC88305,Arizona,F,College,266544.71,52266,68,0,Corporate Auto,Two-Door Car,141,266544.71
TS53809,Oregon,M,Bachelor,709891.41,0,70,0,Personal Auto,Two-Door Car,349,709891.41
ZV32120,California,M,Doctor,397134.51,23599,103,0,Corporate Auto,SUV,494,397134.51
FB80807,Oregon,M,Bachelor,552821.28,36088,72,0,Personal Auto,Four-Door Car,345,552821.28
AS55677,California,F,High School or Below,833899.58,70534,104,0,Personal Auto,Four-Door Car,54,833899.58
WA15684,Oregon,M,College,3844585.59,27398,125,1,Personal Auto,SUV,600,3844585.59
SA50567,Nevada,M,Bachelor,544855.52,85296,68,0,Personal Auto,Four-Door Car,342,544855.52
KJ31611,Arizona,M,High School or Below,1080806.60,31063,92,0,Personal Auto,Four-Door Car,441,1080806.60
VL37375,California,M,Bachelor,618509.65,0,92,0,Personal Auto,Two-Door Car,1027,618509.65
KN21017,Nevada,M,High School or Below,320822.59,52367,81,0,Personal Auto,Four-Door Car,275,320822.59
PX44289,Arizona,M,College,548010.41,58651,71,0,Personal Auto,Four-Door Car,472,548010.41
AM97901,Nevada,F,College,2298615.39,84831,192,0,Special Auto,Luxury,1336,2298615.39
RE42925,Oregon,M,Bachelor,1310792.59,49088,114,1,Corporate Auto,SUV,547,1310792.59
TR81766,California,F,College,746292.63,70263,93,0,Corporate Auto,Two-Door Car,7,746292.63
CH85057,Oregon,F,Doctor,1146399.10,45354,285,0,Personal Auto,Luxury,540,1146399.10
UP71482,Arizona,M,High School or Below,723613.25,0,63,0,Personal Auto,Four-Door Car,383,723613.25
EG40670,California,F,Bachelor,623268.79,28334,83,0,Special Auto,Four-Door Car,537,623268.79
HV83672,Oregon,F,Bachelor,2839332.99,38772,90,0,Personal Auto,Four-Door Car,321,2839332.99
MG10140,Oregon,F,College,374675.16,41479,94,1,Personal Auto,Two-Door Car,19,374675.16
TC44716,California,M,Bachelor,2156933.73,23909,119,0,Personal Auto,SUV,571,2156933.73
QO65264,California,M,College,501208.37,48328,63,0,Personal Auto,Two-Door Car,108,501208.37
EB66698,California,M,High School or Below,337185.84,86689,85,0,Corporate Auto,Two-Door Car,408,337185.84
OT52034,California,M,Bachelor,386477.68,24204,99,1,Personal Auto,Four-Door Car,707,386477.68
CH85444,Oregon,M,College,414571.19,25943,110,0,Corporate Auto,Two-Door Car,1067,414571.19
PU85769,California,M,High School or Below,515607.27,0,73,0,Personal Auto,Four-Door Car,807,515607.27
UI73201,California,M,College,366737.50,62375,92,0,Personal Auto,Two-Door Car,618,366737.50
SL50592,California,F,High School or Below,783568.35,0,71,0,Corporate Auto,Four-Door Car,404,783568.35
XP11075,Arizona,M,Bachelor,1456726.84,0,148,0,Personal Auto,SUV,710,1456726.84
SI31236,Oregon,M,Bachelor,1017133.90,70200,65,0,Corporate Auto,Four-Door Car,312,1017133.90
JN26745,Nevada,F,Bachelor,413577.52,0,112,0,Special Auto,Four-Door Car,707,413577.52
VK48036,Oregon,F,College,551149.11,79027,70,0,Corporate Auto,Four-Door Car,336,551149.11
JX76668,Washington,F,High School or Below,1131424.39,62935,141,0,Personal Auto,Luxury,232,1131424.39
DS45802,California,F,High School or Below,541461.73,26893,68,0,Personal Auto,Four-Door Car,68,541461.73
OA96690,Oregon,F,High School or Below,742159.35,47406,94,1,Personal Auto,Four-Door Car,287,742159.35
EM27919,California,M,Bachelor,445811.34,17622,65,1,Personal Auto,Four-Door Car,312,445811.34
QO41043,Oregon,F,College,1447612.49,27572,124,0,Corporate Auto,SUV,595,1447612.49
OV50124,Oregon,F,College,493688.84,0,72,2,Personal Auto,Two-Door Car,391,493688.84
PR31642,Oregon,F,Bachelor,452527.65,32802,114,0,Personal Auto,SUV,547,452527.65
BU41599,Washington,F,Master,558176.13,62739,70,0,Personal Auto,Two-Door Car,239,558176.13
TK30357,California,F,Bachelor,1413434.74,90844,118,0,Personal Auto,SUV,232,1413434.74
NF31087,Nevada,F,High School or Below,2472318.31,44685,69,0,Personal Auto,Four-Door Car,331,2472318.31
NH16984,California,F,Bachelor,283806.78,0,80,0,Personal Auto,Four-Door Car,336,283806.78
OS75493,California,F,High School or Below,384848.36,42589,98,0,Corporate Auto,Four-Door Car,470,384848.36
VT63298,Oregon,M,Bachelor,1950447.39,0,72,0,Personal Auto,Four-Door Car,345,1950447.39
QS75550,Washington,F,Bachelor,248004.59,93383,62,0,Corporate Auto,Two-Door Car,244,248004.59
SZ16483,Arizona,F,High School or Below,436137.29,79583,109,2,Personal Auto,Four-Door Car,523,436137.29
VM92311,Arizona,F,High School or Below,252907.75,89129,64,0,Personal Auto,Four-Door Car,328,252907.75
NJ46849,Arizona,M,College,250444.48,0,69,0,Personal Auto,Four-Door Car,496,250444.48
WZ31900,Oregon,F,Bachelor,864970.06,94389,107,0,Corporate Auto,SUV,85,864970.06
RG30482,Oregon,F,College,1366835.53,0,197,0,Personal Auto,SUV,1418,1366835.53
ZM86949,Oregon,F,High School or Below,2063508.46,84106,64,0,Personal Auto,Two-Door Car,334,2063508.46
QQ39596,Arizona,F,College,251753.36,0,69,0,Personal Auto,Four-Door Car,42,251753.36
FH51383,California,F,High School or Below,532667.77,76717,66,0,Personal Auto,Two-Door Car,300,532667.77
BJ53923,Arizona,M,High School or Below,260027.21,51978,66,0,Corporate Auto,Four-Door Car,144,260027.21
CZ96653,Oregon,F,Bachelor,853479.28,47325,107,0,Personal Auto,SUV,64,853479.28
FB23788,Oregon,M,High School or Below,882883.50,86721,111,0,Corporate Auto,SUV,532,882883.50
NT43594,Nevada,F,Bachelor,224844.96,24910,63,1,Personal Auto,Four-Door Car,347,224844.96
RJ85627,Washington,F,Bachelor,1230276.24,43817,62,1,Personal Auto,Four-Door Car,245,1230276.24
KJ86296,Oregon,M,High School or Below,455659.30,0,73,2,Personal Auto,Four-Door Car,525,455659.30
PI47776,Oregon,F,Bachelor,253070.51,89451,63,0,Corporate Auto,Four-Door Car,61,253070.51
MD73554,California,M,College,525198.40,59537,66,0,Personal Auto,Two-Door Car,316,525198.40
UX92071,Oregon,M,High School or Below,674311.93,0,199,0,Personal Auto,Luxury,955,674311.93
YG44474,Oregon,M,College,1401472.13,54193,117,0,Corporate Auto,SUV,720,1401472.13
UH45301,Oregon,M,College,943891.56,86946,118,0,Personal Auto,Four-Door Car,340,943891.56
RY92647,California,F,Bachelor,1050677.17,0,92,0,Personal Auto,Four-Door Car,546,1050677.17
IK12620,Arizona,F,High School or Below,421391.86,12160,109,0,Personal Auto,Four-Door Car,489,421391.86
GQ66762,California,M,College,477368.64,33701,63,0,Personal Auto,Four-Door Car,171,477368.64
YT69858,Washington,F,Bachelor,544142.01,85702,67,0,Personal Auto,Two-Door Car,249,544142.01
XD85577,California,M,Bachelor,284226.69,69417,73,1,Personal Auto,Four-Door Car,30,284226.69
TM65736,Oregon,M,Master,305955.03,38644,78,1,Personal Auto,Four-Door Car,361,305955.03
VJ51327,California,F,High School or Below,2031499.76,63209,102,2,Personal Auto,SUV,207,2031499.76
GS98873,Arizona,F,Bachelor,323912.47,16061,88,0,Personal Auto,Four-Door Car,633,323912.47
CW49887,California,F,Master,462680.11,79487,114,0,Special Auto,SUV,547,462680.11
MY31220,California,F,College,899704.02,54230,112,0,Personal Auto,Two-Door Car,537,899704.02
AA71604,California,F,Bachelor,251459.20,36234,83,0,Personal Auto,Four-Door Car,354,251459.20
